,basin_id,PBIAS_high,FHV,PBIAS_low,FLV
0,02AA001,,,,
1,02AA002,,,,
2,02AB001,,,,
3,02AB002,,,,
4,02AB004,,,,
5,02AB005,,,,
6,02AB006,-39.85751528932679,0.11019180197541817,81.39875254628537,0.06186599837668702
7,02AB007,,,,
8,02AB008,-43.28628871993994,0.2569803533557597,-6.205780872980435,0.004247464204564331
9,02AB009,,,,
10,02AB010,,,,
11,02AB011,,,,
12,02AB012,,,,
13,02AB013,,,,
14,02AB014,-43.49579528372213,0.2383461327378709,83.12903539989172,0.012617330642891833
15,02AB015,,,,
16,02AB016,,,,
17,02AB017,-46.82694494614796,0.21635660558228606,14.134579522835814,0.008377967899181446
18,02AB019,-31.989118066258033,0.24547766597019335,27.054170469670513,0.007257011232890059
19,02AB020,-27.5641060618047,0.2927410603996148,24.56304295101133,0.008617276608360433
20,02AB021,-42.21511534333346,0.24747019132617237,128.5270221585446,0.017815889076317665
21,02AB022,-29.307379727771675,0.2791552648966294,-5.623150453141463,0.003849358492114427
22,02AB023,-58.3413463565742,0.24055203713713225,18.131898637679278,0.0006080334738826568
23,02AB024,-38.328742594484666,0.25795480634854473,78.37476460594132,0.00711277048286188
24,02AB025,-75.08896894200828,0.016410167870048474,-50.88049659269692,0.03276556386024479
25,02AC001,-43.71692539819657,0.195732866958529,73.91140250522842,0.01790038236167479
26,02AC002,-12.141387176243386,0.22370093107072445,63.165919127662995,0.02757410071691078
27,02AD010,-16.810832775705908,0.2714845018547727,121.07447933906141,0.026089843434157503
28,02AD011,,,,
29,02AE001,-81.55715024514299,0.060833376708800256,371.8774577397715,0.042918694729106505
30,02BA002,,,,
31,02BA003,-19.071329224780158,0.23257089563136688,85.04858274238272,0.03312770529425045
32,02BA005,-46.109062934669076,0.2236375613104623,236.00931469764973,0.02002516611550849
33,02BA006,-22.65926580713287,0.1994406076158197,82.35482665387785,0.030844551538668812
34,02BB002,,,,
35,02BB003,-7.631891239890399,0.2775648914790267,69.28916294886068,0.028540211346773314
36,02BB004,-10.044803584523002,0.23537220385294144,33.9284223336023,0.02686373792581293
37,02BC002,,,,
38,02BC003,,,,
39,02BC004,-16.075705765744523,0.16943197840875496,149.4882960280698,0.054220538245998436
40,02BC005,,,,
41,02BC006,-27.482869530007637,0.23733012280446414,183.00153344404117,0.02581200374508675
42,02BC008,-6.632193334327472,0.22679612135942484,58.97741029810649,0.04365036121047742
43,02BD001,,,,
44,02BD002,-59.83206699400928,0.07349847095585602,206.78365082913476,0.07640105058955088
45,02BD003,,,,
46,02BD006,-55.9762335613888,0.09947327352125389,1012.4330283125744,0.06226704753956737
47,02BD007,-42.81318530715153,0.08209018573046595,98.2873852454088,0.07331483370534551
48,02BE001,,,,
49,02BE002,-76.41606259183024,0.0259582433015101,582.0864418473876,0.05866606383645518
50,02BF001,-17.859692032936096,0.25530405888554275,139.7715446306709,0.03418144177772
51,02BF002,-20.47978326397619,0.24470126459214323,176.27485033852597,0.03664972371747375
52,02BF003,,,,
53,02BF004,-42.19979787989199,0.22059035143785716,22.75255850494601,0.007444468733618159
54,02BF005,-16.82185391437908,0.22882389108337128,67.00228489616453,0.010797816620975856
55,02BF006,-18.717098681744023,0.24364413184102543,125.99147386625802,0.011543837812577446
56,02BF007,-30.68032744637551,0.23141368132612808,252.65570126967765,0.012259656511250504
57,02BF014,-10.464637498091475,0.2537203055068476,76.75539341560705,0.02777809367557637
58,02CA002,-10.18438429274757,0.30680207578446955,135.45061064151662,0.008456918029242198
59,02CA007,-34.52755134845332,0.19846293100178547,55.141701927889194,0.022423186843531735
60,02CB001,,,,
61,02CB002,,,,
62,02CB003,-17.087966340119543,0.23118734611822805,138.42325922650755,0.042854569205529734
63,02CC002,,,,
64,02CC003,,,,
65,02CC004,,,,
66,02CC005,-5.696048869824124,0.23664879184720292,16.048663618266666,0.023572807928698414
67,02CC006,,,,
68,02CC007,,,,
69,02CC008,-21.596989063853904,0.11279964378800406,61.67866206969721,0.09939270487589894
70,02CC009,,,,
71,02CC010,-12.637036724369821,0.23478122496953835,16.83086763212441,0.025684382868346643
72,02CD001,6.793718419968786,0.21328983798536758,12.994195453232907,0.010353005354094988
73,02CD002,,,,
74,02CD003,,,,
75,02CD004,,,,
76,02CD005,,,,
77,02CD006,-17.0547229267288,0.1792343056376865,131.60595229468953,0.01875305878043608
78,02CE001,,,,
79,02CE002,5.3651124035574185,0.24655636740797204,2.112005919739967,0.02473299449441573
80,02CE003,,,,
81,02CE004,,,,
82,02CE007,-16.234508644507542,0.2406227910947707,61.80913162208124,0.023017727125469484
83,02CE103,,,,
84,02CF001,,,,
85,02CF002,,,,
86,02CF004,,,,
87,02CF005,-30.83074032141656,0.21228744926992113,92.4842582819853,0.024881674753270695
88,02CF007,-20.13477514288387,0.26720378234750664,28.99734229522355,0.019775235573696502
89,02CF008,-22.541205300518467,0.242786393801657,22.723336110554886,0.015852651390499226
90,02CF009,,,,
91,02CF010,-27.566378495844763,0.17970602921742174,9.486427545042108,0.024291891301867565
92,02CF011,-48.90031674048292,0.13419288198369314,12.196925525518623,0.028607560185171767
93,02CF012,-13.067732381858438,0.1760534715807141,129.27962253641982,0.04137273944523069
94,02CF013,-8.466797991180083,0.17973109853470823,218.96159530629816,0.04232810934382861
95,02CF014,-35.91458546248922,0.17534050260283027,36.94813802207214,0.029176435157230063
96,02CF100,,,,
97,02CG001,,,,
98,02CG003,-45.467074992506575,0.08657863924825603,4.86137273563154,0.06677881372759001
99,02CG004,-58.66474870210803,0.1972496721091738,571.5185277463092,0.0037314908303196963
100,02DA001,,,,
101,02DB001,,,,
102,02DB002,,,,
103,02DB003,,,,
104,02DB004,,,,
105,02DB005,-37.03656897432451,0.08836225934408438,22.23302038566067,0.029631177495381078
106,02DB006,,,,
107,02DB007,-28.808627496664386,0.21388222921834524,51.36095562975953,0.022240384347590864
108,02DB008,-20.891185638288864,0.1395875678070158,16.97659491921525,0.0316365255783879
109,02DC001,,,,
110,02DC002,,,,
111,02DC003,,,,
112,02DC004,-17.45488218922292,0.1790263682682106,-2.24496400607451,0.02965540032002124
113,02DC005,,,,
114,02DC006,,,,
115,02DC007,,,,
116,02DC008,,,,
117,02DC009,,,,
118,02DC011,,,,
119,02DC012,-20.711789059413825,0.21393378529217016,4.897950134005244,0.023455482754454447
120,02DC013,-9.890922078761685,0.2648209567027702,41.47497270639865,0.008812522301083772
121,02DD001,,,,
122,02DD002,,,,
123,02DD004,,,,
124,02DD005,,,,
125,02DD007,,,,
126,02DD008,,,,
127,02DD009,,,,
128,02DD010,-25.204423301102853,0.08534394612043951,-16.56769044820943,0.015308640573362661
129,02DD012,-49.85780511368359,0.18598046539110732,2395.019339965598,0.07292663819415693
130,02DD013,-23.795336873504077,0.283756700456053,491.29809983382825,0.009276259451513813
131,02DD014,-28.643960589817247,0.21353966529161675,55.40073664567987,0.024756196752397597
132,02DD015,-12.34279785233594,0.24780205073653574,4.544072267030746,0.009633109352567977
133,02DD016,27.932704222976838,0.13830402005934653,316.0281366595607,0.0342929864648254
134,02DD017,-24.69753349528593,0.12710548059597424,1181.075627650893,0.05198208291403931
135,02DD019,,,,
136,02DD020,-64.60709282644203,0.0574966892165385,325.1177809113275,0.09758583817127885
137,02DD024,5.607232211738652,0.23516119717860387,66.35770533887612,0.01638318644202364
138,02DD026,-49.93603934869648,0.05877826679537591,-18.59847002591283,0.015402365902694113
139,02DD029,-18.356939963876318,0.0901104498048697,-22.99286453291276,0.02080729672810929
140,02DD030,902.2946232623731,1.7157422463460974,2906919.5860463404,0.7217664112014426
141,02DD031,379.2945795879802,0.6458557136743247,8680.658544150483,0.18491125979570455
142,02EA001,,,,
143,02EA005,-11.721277922694107,0.22019392163520018,-13.268482640212188,0.012172661638015225
144,02EA006,,,,
145,02EA007,,,,
146,02EA008,,,,
147,02EA009,,,,
148,02EA010,-28.210109107758125,0.21757963047720305,2.3748401574536198,0.014947545044373454
149,02EA011,-11.78540356563482,0.17298145606228557,9.17608157032868,0.011995579490670413
150,02EA012,,,,
151,02EA018,-13.503778956934816,0.19994444200452016,-7.012417614458309,0.015137088726280067
152,02EA021,-30.192983643767988,0.1833015543915644,195.7119406886743,0.004574049931636806
153,02EB002,,,,
154,02EB003,,,,
155,02EB004,-1.7800595251623559,0.19829788976428728,14.068220154462876,0.017938775591834055
156,02EB005,,,,
157,02EB006,-31.96482490486481,0.1047995399745379,-16.763908212633485,0.010801079380547389
158,02EB007,,,,
159,02EB008,-44.3367597390776,0.09470100681786005,-0.8718156708944347,0.01683669148969425
160,02EB009,,,,
161,02EB010,,,,
162,02EB011,-31.595038509775357,0.22432987553577008,146.36367464089406,0.005115670585210428
163,02EB012,-23.013832767790465,0.057864839100562324,23.168249723411574,0.021380794767421548
164,02EB013,-20.22154211967634,0.20835774810103078,14.177219074282043,0.016257139870131856
165,02EB014,-21.61287499962996,0.17333259542091234,11.409597982172807,0.01497076873805641
166,02EB103,,,,
167,02EB104,,,,
168,02EB105,,,,
169,02EC001,,,,
170,02EC002,-17.549777853077856,0.17678652489489904,5.374899318759025,0.00805978701029414
171,02EC003,-25.406439483736104,0.11463917023361207,62.89067830154059,0.02430981206565512
172,02EC004,,,,
173,02EC006,,,,
174,02EC007,,,,
175,02EC008,-32.028589503846014,0.175795538130749,62.66963718846724,0.029838472237769267
176,02EC009,-39.71446258191699,0.17331177184100235,-13.713952467238261,0.0183619383071723
177,02EC010,-44.437676765977685,0.1924725443175376,-22.971095611644273,0.008708668330428026
178,02EC011,-63.086689274828565,0.09500516603594314,36.682424023414676,0.011563454844854102
179,02EC012,,,,
180,02EC014,,,,
181,02EC018,-30.675166383921397,0.13152671919893957,-6.090832590566467,0.03259509025097687
182,02EC019,-22.36619160925737,0.19524034291035322,-14.882258906204815,0.00892651761790983
183,02EC020,-17.863753335613026,0.2085096811579121,12.490657649008824,0.022994104691460612
184,02EC021,-27.460040034631767,0.09748494577680271,30.616746955448164,0.07613584381015259
185,02EC022,-21.408294230582804,0.1486061953142759,-21.3120405488625,0.004805166201299185
186,02EC101,,,,
187,02EC103,,,,
188,02EC918,,,,
189,02ED001,,,,
190,02ED003,-35.18707800929062,0.1584139098002853,-4.027855463305029,0.024310973801317953
191,02ED004,,,,
192,02ED005,,,,
193,02ED007,-7.549285071417337,0.15736415885028984,9.900515674342225,0.05168989039617074
194,02ED009,,,,
195,02ED010,,,,
196,02ED011,,,,
197,02ED013,-36.412392845277,0.16345413547674756,12.94904801216647,0.020164514856213726
198,02ED014,-10.70771706831654,0.16035590469615935,4.404139796883457,0.04321105844099498
199,02ED015,-19.712140387375705,0.19532590902459535,17.55437632342937,0.02169591248301051
200,02ED016,,,,
201,02ED017,-34.68353621611368,0.19874932031973114,12.89758383846649,0.018429442289952993
202,02ED018,,,,
203,02ED019,,,,
204,02ED024,-35.986080392048464,0.15676493274552533,11.462445959031184,0.01689682006744328
205,02ED025,,,,
206,02ED026,-37.516040105776604,0.14123592051989067,14.287399574175813,0.038378259470345955
207,02ED027,-24.765204042162104,0.13395521168030003,-4.145331995874348,0.029379130719422473
208,02ED028,,,,
209,02ED029,-43.18075109952776,0.14112786087774346,-12.09428474552298,0.009087389938066263
210,02ED030,-29.67205954823788,0.12355271985053105,17.548300399850426,0.054954832253288635
211,02ED031,-34.364081675879746,0.17066953850898783,71.15479230364681,0.0314828602313741
212,02ED032,1.9003048358517571,0.17827914670139836,-52.30151783782341,0.014033280917159016
213,02ED100,-61.25775225532156,0.1074053018142174,11.218026590728975,0.03414175155493421
214,02ED101,-40.84134202310093,0.13179520414987295,13.830507970732924,0.03990226364210181
215,02ED102,-42.87027595628267,0.14355754882235358,53.99172601319728,0.03839885866491748
216,02FA001,-26.851102794379848,0.1517779380087283,6.653503011409032,0.011097141244840666
217,02FA002,-28.890563730530307,0.2160278768240768,415.45287259140895,0.00674631100715938
218,02FA004,-56.08778453708225,0.13616256428083326,7.886758119916585,0.0071499625021513346
219,02FB001,,,,
220,02FB003,,,,
221,02FB004,,,,
222,02FB005,,,,
223,02FB006,,,,
224,02FB007,-32.80626352952066,0.14618876582492907,4.13408185436668,0.01887550747238054
225,02FB008,,,,
226,02FB009,-18.754063944993245,0.15552153049351788,6.776013849519261,0.024537942491134994
227,02FB010,-27.513068326464733,0.18721440847905718,21.172654681858972,0.013740864224800515
228,02FB012,-25.102154662516284,0.17661969499428737,24.438066509345305,0.01704110155564493
229,02FB013,-16.402769879693256,0.12406910573283265,6.632906838658524,0.04138948067672908
230,02FB014,-21.09937415651891,0.160389885727754,-12.0165655743749,0.019161237312635054
231,02FC001,-30.487648927995686,0.1567107399671052,-6.262641276111556,0.01915899642301791
232,02FC002,-29.936759560169087,0.156079758278058,-5.085805538808724,0.02171925893729826
233,02FC004,,,,
234,02FC005,,,,
235,02FC009,,,,
236,02FC011,-64.1239092753943,0.10448395801870636,14.260315655593118,0.012910788083227662
237,02FC012,-27.44806576866388,0.2233791966220763,178.00478541033166,0.02996467743835393
238,02FC013,,,,
239,02FC014,,,,
240,02FC015,-32.32154722053765,0.15885491009574337,-0.2172425931833198,0.012102906248812575
241,02FC016,-18.472196554321247,0.22925156947060105,344.8020034425402,0.04457431568017131
242,02FC017,-22.298514666595374,0.1980876120233508,275.7745745636334,0.04616100377314061
243,02FC018,,,,
244,02FC019,,,,
245,02FC020,-56.6228038021473,0.10443251326516183,26.655743012766614,0.019378454621895268
246,02FC021,-21.515641311596653,0.13133044541574276,27.664607171228294,0.0482824439269472
247,02FD001,-61.99225739456805,0.16580345365491855,613.112395094662,0.0018744308806949714
248,02FD002,-31.18652398851583,0.1863693654046472,76.47661837753367,0.02060538547235124
249,02FD003,-48.11394973340565,0.20135212265239008,70.23568644017618,0.002745193246373085
250,02FE001,,,,
251,02FE002,-43.83848662187111,0.17864389809340395,23.25726610003429,0.0072588253491845415
252,02FE003,-38.0905545503617,0.24555389425012233,-15.197035162154036,0.004308336188850396
253,02FE004,,,,
254,02FE005,-43.131412869730475,0.19218473949798245,8.676385415200258,0.009230364686510579
255,02FE007,-37.57143800569551,0.2022958133036649,56.712001384112455,0.007637216217688893
256,02FE008,-34.40045355423562,0.2448249461939837,1665.8312381903183,0.05331997866917265
257,02FE009,-30.793876492126266,0.25073455398783934,25.963427378046955,0.003277844258953034
258,02FE010,-32.57597960634774,0.2652314803398031,122.0153305550828,0.0008842190808278346
259,02FE011,-32.43571809981697,0.2594703534601993,144.354039784588,0.008025484608508307
260,02FE013,-38.58434031054733,0.24683809037300705,107.41098502800597,0.003393276502233069
261,02FE014,-39.97893835502489,0.2161072922379952,99.23109195056355,0.00878310318971471
262,02FE015,-27.256558923913328,0.22393446946219128,16.17588342821894,0.008824729488990338
263,02FE016,-48.62831257272547,0.23196011479839065,54.403254698405355,0.0020735045564698844
264,02FE017,-43.23537338412958,0.14312807846233308,-5.029007139606206,0.017643936634297336
265,02FE018,-55.225840963038664,0.10033507915338206,-24.142035446043824,0.014660949708119458
266,02FF001,,,,
267,02FF002,-30.826140520068712,0.23951584978015575,151.6549759610196,0.007783376170131381
268,02FF003,,,,
269,02FF004,-39.60748137503332,0.2950518301403696,308.97059202872174,0.0072024850963577774
270,02FF005,,,,
271,02FF006,,,,
272,02FF007,-44.506944544290256,0.21307326566979487,48.24664163524689,0.0031355186851425238
273,02FF008,-42.74967691848887,0.2551019337945424,238.74521280363768,0.0021503562572552618
274,02FF009,-32.86456561289648,0.2660897162949255,122.77467447860606,0.006042255043972765
275,02FF011,-49.292476896651586,0.21614959527773264,277.64810327673183,0.005661464033253052
276,02FF012,,,,
277,02FF013,-26.742801769604796,0.2961007868086207,180.0301418020892,0.0017688862271738627
278,02FF014,-48.9163452218991,0.21696761565857348,194.14341135771843,0.014330255599127706
279,02FF015,-29.76217079812549,0.16697406434467058,30.14956275491148,0.033000194015044094
280,02FF016,-29.484537145226682,0.19276640886815663,106.06458092775306,0.0008839422097665446
281,02GA001,,,,
282,02GA002,,,,
283,02GA003,-26.60897260831253,0.18905835699516252,14.979360054075514,0.03345823247201951
284,02GA004,,,,
285,02GA005,-41.17555572677515,0.24626992002506826,50.663401776245976,0.005585967552123861
286,02GA006,-49.62417513822078,0.159751189048385,12.114948646205264,0.02585330947371388
287,02GA007,,,,
288,02GA008,,,,
289,02GA009,,,,
290,02GA010,-41.493948701379075,0.17886128965727016,1.770656948935651,0.019941268038628217
291,02GA011,,,,
292,02GA012,,,,
293,02GA013,,,,
294,02GA014,-33.9130549675996,0.26344356421293647,15.793927377583444,0.007332964809748883
295,02GA015,-24.672343965575124,0.17884993249740272,-2.9439618737451716,0.027198848547477603
296,02GA016,-54.85924139678041,0.14522044091065608,39.34217849225375,0.03429531465319444
297,02GA017,,,,
298,02GA018,-40.36168914541335,0.24597303800793074,55.28132375581221,0.00851656871323083
299,02GA020,,,,
300,02GA022,,,,
301,02GA023,-38.61649469343643,0.20829239686230894,40.27871129013381,0.03250950291282101
302,02GA024,-35.79266176352503,0.16848959016305812,-2.2835679417896,0.015476231155026431
303,02GA027,,,,
304,02GA028,-65.4215191775597,0.11894308902462614,61.43952274569169,0.03593987580599417
305,02GA029,-27.616142920986285,0.16618641896363992,13.7420518897828,0.022675077615566714
306,02GA030,-35.55623423322152,0.22514779902617058,-36.44688368649901,0.009855445704507517
307,02GA031,-18.686692992009544,0.14486114879658937,4.988681410023111,0.03198930273298222
308,02GA033,,,,
309,02GA034,-33.591727467862,0.2032126405431479,40.44947581235191,0.03252995246138859
310,02GA035,,,,
311,02GA036,,,,
312,02GA037,,,,
313,02GA038,-38.5280457065023,0.2914402615287238,17.4416619734432,0.001669001763326198
314,02GA039,-43.301582543826406,0.24311885037749745,11.517604038094788,0.003007460410186862
315,02GA040,-20.575474899324085,0.23880656951256593,48.16220818932692,0.009335809811720323
316,02GA041,-39.084131907098275,0.26818561145083175,14.015303331363043,0.002374199175342114
317,02GA042,-88.1216223057016,0.04484409405574793,192.7852662968416,0.015225116212355075
318,02GA043,-56.913424420186054,0.08126034948180387,56.11950101909491,0.07063485172725965
319,02GA045,-53.920797002585765,0.044698266152404624,-22.97010688038649,0.04863265239950064
320,02GA047,-22.466710814890938,0.16440954546616854,13.056966913061894,0.034618470634191385
321,02GA048,-34.07378547944677,0.20062738976866193,9.001932797223287,0.02789777130262343
322,02GA049,-58.384614438412655,0.18085933954455216,845.1549208072357,0.00159859986352551
323,02GA050,-86.23165972641877,0.04174496011762748,81.0291864216126,0.0008121100775742675
324,02GB001,-28.57306113012077,0.1712181277520602,4.088573327469282,0.030690549231306975
325,02GB002,,,,
326,02GB003,,,,
327,02GB004,,,,
328,02GB005,,,,
329,02GB006,-63.46182122855267,0.10835820748678734,26.916276634529,0.012949699123651666
330,02GB007,-8.405804033854196,0.28900201294079336,37.87565988018301,0.014964090994908221
331,02GB008,-26.83906110477332,0.19283450810809996,21.82471110201203,0.017392078203468088
332,02GB009,,,,
333,02GB011,,,,
334,02GC001,,,,
335,02GC002,-47.37395192273127,0.24484271573746058,24.647952504643843,0.004250403311948118
336,02GC004,,,,
337,02GC005,,,,
338,02GC006,-21.614507137345804,0.14484345655739897,6.207509018986688,0.031371153144416665
339,02GC007,-29.813588982876098,0.11484398886481237,4.433609037725503,0.036748855102079495
340,02GC008,-19.16343497582624,0.11841165145119047,11.27947064910112,0.05085964405218594
341,02GC009,,,,
342,02GC010,-35.086384540470014,0.20101439503625906,14.289196880358043,0.022099718021342654
343,02GC011,-47.2009835323344,0.16221524647753255,64.1724673646062,0.00861999125080419
344,02GC012,,,,
345,02GC013,,,,
346,02GC014,,,,
347,02GC015,,,,
348,02GC016,,,,
349,02GC017,-54.746471418553114,0.13886535531152167,63.263903087517946,0.023348642481240606
350,02GC018,-37.72584675644451,0.2767421857453414,9.126221338307284,0.00591673122303603
351,02GC021,-43.14407851285383,0.06116541926046352,0.8115509631296851,0.05334299060274475
352,02GC022,-20.245569652840153,0.21041972964988756,33.29814379960794,0.011709199973878212
353,02GC023,,,,
354,02GC024,,,,
355,02GC025,,,,
356,02GC026,-34.10455251890373,0.17248929521339737,-9.984185402329869,0.022962830287374805
357,02GC029,-48.082759754336095,0.2351671611424187,-37.40088804388682,0.001616305396205445
358,02GC030,-45.25685583639937,0.23563490408472507,-21.052035099085813,0.005128280808487122
359,02GC031,-43.92239460082694,0.26551081811101773,186.55344965992512,0.00527650954164045
360,02GC033,,,,
361,02GC034,,,,
362,02GC035,,,,
363,02GC036,-43.940823059615205,0.14784433267723285,27.42713739122972,0.03960234381300033
364,02GC037,-37.285630138847125,0.21942160647935877,-21.74591141823233,0.006925637738753661
365,02GC038,-55.8918439798165,0.06216006084018767,21.569270212558393,0.059458911703279486
366,02GD001,-23.671600312342854,0.20855035040327555,15.993663068492078,0.02242455048382339
367,02GD003,-28.67707468213869,0.23697864173159802,161.68869524617304,0.02090006614867631
368,02GD004,-42.12103498021719,0.20476011062540042,66.17446227044687,0.014552369040920568
369,02GD005,-30.44057799995944,0.2646012212432036,27.465685146287218,0.012064008067969293
370,02GD006,,,,
371,02GD007,,,,
372,02GD008,-37.58506817584961,0.2271158460280654,50.18105900170079,0.008214546554892874
373,02GD009,-76.85354347102226,0.044212085219570506,35.38126013809034,0.04374106881151307
374,02GD010,-57.583238254664735,0.16571840516210762,72.63218925842229,0.004067273535613308
375,02GD011,-47.05513688356262,0.15012096037182968,-22.412469708971297,0.014007280050396559
376,02GD012,,,,
377,02GD013,,,,
378,02GD014,-24.421857620385705,0.33078737376242895,50.7681663767927,0.0022116075040379416
379,02GD015,-39.97981774107823,0.22822324880665784,34.03334364406335,0.01081152754735267
380,02GD016,-24.32681253537493,0.19715559619126596,0.26935055541387903,0.02368606476545099
381,02GD018,-40.52830033652292,0.21952552367991435,37.03371986761982,0.014424935207846835
382,02GD019,-45.110513556102426,0.2556467577011449,35.57246767011921,0.009279644923449295
383,02GD020,,,,
384,02GD021,-42.48370367215812,0.2591100837068555,44.673773655102025,0.00392976297927919
385,02GD022,-87.03697415017308,0.02323624106534818,478.08276934144953,0.040176367153399964
386,02GD023,,,,
387,02GD025,,,,
388,02GD026,-52.586788938251786,0.18454424979228068,88.64487189586201,0.021397035626089973
389,02GD027,-40.69951551463944,0.21039172821944804,54.61794879055157,0.009414895366055298
390,02GD028,-29.639877883152323,0.2766595461722258,-5.876916008948691,0.0075204713997515426
391,02GE001,,,,
392,02GE002,-28.549324712231144,0.20402769611143434,15.394461802381173,0.0178556706223964
393,02GE003,-27.490501533867075,0.1936036671539102,7.533322625164396,0.016702582467555873
394,02GE005,-49.017761684039876,0.18468520179918851,-15.739865047495813,0.006505373485231735
395,02GE006,-27.813659908475056,0.19490375040221194,11.321831075170488,0.018320269929798128
396,02GE007,-62.58872222014591,0.1929332225791453,54.833683552074476,0.005013205568106418
397,02GE008,-53.62857743520686,0.1790317193163029,23.882482180387953,0.006825124738641179
398,02GE009,-39.049297021353915,0.3481683334757429,1200.1075255472147,0.0064172821884638225
399,02GG002,-40.731324554147136,0.20257261594962384,7.025755791156212,0.012777389313936835
400,02GG003,-27.20151440743682,0.23342443763278817,6.249742005535072,0.008558225367446777
401,02GG004,,,,
402,02GG005,-80.51884042539217,0.0683509145791914,42.913773154070896,0.029250466427545262
403,02GG006,-52.704362707137896,0.2160556369142186,-3.1087155414853807,0.0015596271400568475
404,02GG007,,,,
405,02GG009,-44.5642832501008,0.21988058295111373,29.71988235270379,0.002256053268914174
406,02GG013,-31.14715479143395,0.3485357216171218,192.0086330039876,0.0012737856651491516
407,02GH001,,,,
408,02GH002,-57.44629185381677,0.22584438345888416,170.97727634571314,0.0074189086965990355
409,02GH003,-34.01695062300994,0.3232121208009371,80.5436702538802,0.0027335182007175757
410,02GH004,,,,
411,02GH011,-65.09142099481839,0.11120766983170834,199.68713526985792,0.007865145942714775
412,02GH016,-41.07819620132732,0.2551229949580326,175.99695984457355,0.027289863525986762
413,02HA006,-25.59863415254932,0.32146837875993084,124.90754160880604,0.0007974561304991386
414,02HA007,-36.86499070078527,0.29227984265830637,890.300267707838,0.00359236138284265
415,02HA014,-65.5076748147006,0.1312879642890852,98.4104024800308,0.021204208783938812
416,02HA020,-31.713799142415937,0.3273396110481774,175.71956016984421,0.0012092113328361243
417,02HA022,,,,
418,02HA023,,,,
419,02HA024,,,,
420,02HA026,,,,
421,02HA027,,,,
422,02HA028,,,,
423,02HA029,,,,
424,02HA030,-59.51336135948768,0.1592128477054882,194.19293433832806,0.048761609450182694
425,02HA031,-62.22530612989026,0.14270691245600556,23.715479096351554,0.034693148164386386
426,02HA032,-63.54751329566607,0.15156214177933947,2073.734427239392,0.006759837833042856
427,02HB001,-26.54729151845128,0.12808998013594763,5.347020807430111,0.05180033242313288
428,02HB002,,,,
429,02HB004,-45.656586261602286,0.21793890512846448,31.711482979225806,0.008449164503475468
430,02HB005,-36.17542838719991,0.1432288916730233,16.911253324433424,0.020823605078041468
431,02HB006,,,,
432,02HB007,-31.117034961059247,0.16217829666983194,8.849720392872285,0.008751862882630957
433,02HB008,-31.470221975967988,0.15819563468054962,4.931048998206794,0.028966767879486433
434,02HB010,,,,
435,02HB011,-50.35699575846241,0.10276426133806926,123.45292638609271,0.03820216140794286
436,02HB012,-14.379833367397554,0.2657923297619511,55.67983751536272,0.01148917885248779
437,02HB013,-38.70377258232327,0.11376057866962073,-11.226301650476076,0.046218046365781404
438,02HB015,-27.00310366336295,0.16783476345167112,449.82519417096387,0.031157853341177842
439,02HB016,,,,
440,02HB018,-32.104776407638234,0.1217208124846565,-1.6734712683174464,0.04460213371690328
441,02HB019,,,,
442,02HB020,-25.96901258157665,0.1102890841538544,2.6983944509600946,0.05516706029233894
443,02HB021,-27.84127146254825,0.14732919797248004,11.43797379814299,0.04518822741861088
444,02HB022,-29.684979090779034,0.14906781102723407,4.53595865817703,0.012648121907787043
445,02HB023,-33.245762685772355,0.16823560872235938,147.53782985142553,0.007879640659279642
446,02HB024,9.991641943573496,0.1682363371619074,-4.988992091125441,0.04729873033667047
447,02HB025,-30.250837909121685,0.1400195708630008,4.098068407477336,0.038889172983934905
448,02HB026,,,,
449,02HB027,-37.19939105811596,0.2605130691092394,72.40002120889024,0.014922239566599054
450,02HB028,-4.388973346508167,0.2760307084151326,56.74317579366792,0.013111465998563112
451,02HB029,-38.667416050290335,0.13035046509476464,6.123530909790286,0.03465401288094645
452,02HB030,-58.90060559388527,0.0530604698764044,24.965006685893993,0.017390896838281763
453,02HB031,1.7734872499860461,0.0966821773715752,-19.465595225037184,0.059018017983907926
454,02HB032,-65.02835662637982,0.07098781037464659,345.8988223510547,0.05436937348732998
455,02HB033,-66.49640297464715,0.06983924893301761,383.1162598115125,0.046205098359617544
456,02HB034,-24.19826955954613,0.1956872071775689,3.7896398950544024,0.01896332915910207
457,02HC002,,,,
458,02HC003,-32.08735860628823,0.19303326025102382,-8.783458573816642,0.020519726298828544
459,02HC004,,,,
460,02HC005,-56.75407240695962,0.1139284995130207,47.641296659330465,0.03475910095889268
461,02HC006,,,,
462,02HC007,,,,
463,02HC008,,,,
464,02HC009,-43.78066519281879,0.15961694929119474,3.335725806544555,0.019774427107945233
465,02HC010,,,,
466,02HC011,,,,
467,02HC012,,,,
468,02HC013,-60.47833740318932,0.13764308454689084,42.32639234916545,0.030843841755808562
469,02HC014,,,,
470,02HC015,,,,
471,02HC017,-39.03574362650039,0.2474929557460436,595.6198277680718,0.06724068525933198
472,02HC018,-52.90942665065303,0.14749971670023812,-10.41396956519932,0.01418589743989266
473,02HC019,-52.84053416555411,0.1135006251732729,11.282853672608653,0.045958328662975646
474,02HC022,-43.929729494301746,0.15862154714935936,-10.141889972882618,0.018639093071164292
475,02HC023,-56.54266393840979,0.11584756443480027,13.468346335326705,0.04787346263287929
476,02HC024,-31.54437931517458,0.16502889536472992,10.449199696321184,0.03690356318118294
477,02HC025,-46.6889091595438,0.11107764662403322,-8.821623083084491,0.03463356217851435
478,02HC026,,,,
479,02HC027,-46.582839596782264,0.19844902868645728,56.892183608533934,0.026225469750454214
480,02HC028,-41.40287849421853,0.19296360000437457,-18.64017335782163,0.011827336286413978
481,02HC029,,,,
482,02HC030,-37.93558057899313,0.21565428936664785,8.45623858303924,0.016073878072211896
483,02HC031,-36.38253185689301,0.2700060002667014,-46.400018320484335,0.0037708337865779446
484,02HC032,-43.04115773421241,0.16871685458430252,29.785424173325648,0.02004613762323978
485,02HC033,-69.20686186764765,0.11452910209467214,85.41917936252447,0.012657939959423195
486,02HC034,,,,
487,02HC035,,,,
488,02HC036,,,,
489,02HC037,,,,
490,02HC038,-56.97732317313987,0.10561743960181959,38.22095793731328,0.05104509201269691
491,02HC039,,,,
492,02HC040,,,,
493,02HC060,-34.331136303170396,0.11695851970419893,40.783604081362895,0.04878370300293572
494,02HC105,,,,
495,02HC106,,,,
496,02HC114,,,,
497,02HD001,,,,
498,02HD002,,,,
499,02HD003,-47.532807487329194,0.07155929544494731,-6.030437713472129,0.050727802983719504
500,02HD004,-67.73426835120031,0.05768543085674931,-3.6742982016692656,0.04662365786910973
501,02HD006,-58.46793389472506,0.08578651183390114,-2.5547089094860986,0.04671887231939255
502,02HD007,,,,
503,02HD008,-39.909117547861754,0.12939879450193595,-14.456773615668439,0.03762796069783731
504,02HD009,-44.23053615346787,0.12422559009447948,17.341750340308355,0.05250377985206353
505,02HD010,-40.15101405247084,0.11892609053806043,-0.4951661451557939,0.04066864597234896
506,02HD012,-41.92893642942845,0.11443469382925497,16.281132970821425,0.05367539908494547
507,02HD013,,,,
508,02HD014,,,,
509,02HD018,-34.05081270870695,0.15613599024201455,-7.429906305080139,0.028373106206691975
510,02HD019,-31.34046798638257,0.16432996265784858,9.6236450386654,0.03572518644623787
511,02HD020,-16.224476448312195,0.1415319952583847,-34.662270176820364,0.03624134549103421
512,02HD021,-10.315466860327533,0.0970575245943337,-34.070807273556,0.04668202010343411
513,02HD022,-44.17948267270495,0.15592970606368808,22.633205446273525,0.029334099062027472
514,02HD023,-40.42824183037794,0.11681890321197766,-18.530467684365348,0.03803587005492164
515,02HD024,-38.74054934337818,0.15756152505624332,-70.65997599451028,0.0069351682158636015
516,02HE001,,,,
517,02HE002,-27.78030062316344,0.22978338676397145,485.6115967975084,0.000993296996017461
518,02HE003,,,,
519,02HE004,-39.48348896858321,0.1883878283537189,611.8693748622243,0.0028093715612275104
520,02HF002,-25.822726857859806,0.09958529580000686,65.99798112761962,0.060188483296991606
521,02HF003,-22.01396911608065,0.1760524209760105,19.812701274910218,0.028901486308144937
522,02HF004,,,,
523,02HF005,-21.412349651350933,0.149061199666625,-12.94927242089184,0.028100168536158605
524,02HG001,,,,
525,02HG002,-29.478622980977153,0.19431907969828088,16.117077575329084,0.01993302848363589
526,02HG003,-54.0909018179043,0.14173099194948316,67.75509703595355,0.02349519839536537
527,02HH001,,,,
528,02HH002,,,,
529,02HH003,-15.641203182069233,0.11926077073326453,-0.765059649124799,0.04888000141245097
530,02HJ001,-29.435670347739908,0.20173246861565988,21.450884641775396,0.007572260883209808
531,02HJ002,,,,
532,02HJ003,-51.3089313555633,0.1273488415893871,44.68317918321757,0.00962991853206149
533,02HJ005,-53.020572011629895,0.09628814910652919,6.260262680490566,0.060066943512390614
534,02HJ006,-29.403155253399323,0.2106929586716103,94.65499994472151,0.008104030913032825
535,02HJ007,-31.00238297818847,0.09741088233705872,3.721137124330428,0.06708380118701893
536,02HK002,,,,
537,02HK003,-15.11266852727758,0.20111523641501297,84.16641615612477,0.009084479521842574
538,02HK004,,,,
539,02HK005,-12.861691141619616,0.2153998196882401,81.78956414225217,0.015730219515895216
540,02HK006,-9.785624506935859,0.2121288009740973,-21.513927053787988,0.005024967314792682
541,02HK007,-43.58946252376686,0.12181016685026405,11.147411544686015,0.03580893625299363
542,02HK008,-20.972210139684865,0.18829406856381614,16.899184556776017,0.010353418642826932
543,02HK009,-33.798670226169,0.1570844933029178,3.099400230587905,0.0336528823712864
544,02HK010,,,,
545,02HK011,-34.64934404148405,0.17447295300962942,-24.508330200864215,0.014211544407612213
546,02HK012,,,,
547,02HK014,,,,
548,02HK015,-49.737953560037035,0.12517108806663665,22.92688994929712,0.04030404452790305
549,02HK016,-50.93907546018029,0.15117471571179517,82.15014998401912,0.015977089405215653
550,02HK017,-39.49645846839,0.18523507181830967,81.8553900748531,0.003934214834540773
551,02HK802,,,,
552,02HK902,,,,
553,02HL001,-1.9890475997515742,0.2310011843171299,26.705208696310233,0.005728904375198324
554,02HL003,-37.00087763174212,0.16960440126190288,58.644973167193385,0.010005599337351906
555,02HL004,-15.310386211895347,0.20953368336075753,89.98765741846366,0.005713668695056841
556,02HL005,-18.12464295539538,0.2239997678851848,7.446240059612117,0.0020607049487835864
557,02HL006,,,,
558,02HL007,-17.3212024460096,0.20767604665058415,22.307399749751536,0.005590903934609075
559,02HL008,-28.23842761425602,0.18710882453400524,308.753140114515,0.01134773234809225
560,02HL101,,,,
561,02HL102,,,,
562,02HL103,,,,
563,02HL104,,,,
564,02HM001,,,,
565,02HM002,-36.940088542607974,0.12969953582010701,42.29113016628272,0.029831877497243548
566,02HM003,-12.85030102028199,0.19364062786314493,102.38704260637715,0.0031658205623624172
567,02HM004,-28.04911548138922,0.23090568076504994,24.060903163795146,0.001981279989435912
568,02HM005,-30.993700511394508,0.19138974188600397,-6.495447040411186,0.0014973020194192306
569,02HM006,-42.612699022408314,0.14148643819844484,37.09055797467024,0.005001065541503876
570,02HM007,-20.6228894653636,0.16800681102211285,28.34116445656297,0.009730995601565928
571,02HM009,-55.94533416072031,0.11502653858119029,57.441891963423096,0.033623860088245146
572,02HM010,-13.712113419897157,0.17670436290493102,466.03962395724716,0.004833367125098885
573,02HM011,-12.467464252634047,0.15934493351847293,558.1543274094739,0.009905260719354114
574,02MA001,-33.612226945511786,0.11934583163186616,110.00955670264874,0.006277809468151244
575,02MA002,,,,
576,03115973,-72.75607399083636,0.10234916235039594,41.12083139968002,0.037174244656026596
577,04014500,,,,
578,04015330,-20.8179977751566,0.3712090035811147,210.44241369050266,0.01071056451613909
579,04015500,,,,
580,04016000,,,,
581,04016500,,,,
582,04018750,,,,
583,04021520,-12.572721045491441,0.24874360061516698,324.62357156115024,0.01753453105484431
584,04024000,-15.122823998012258,0.20366835181714738,42.77611072706261,0.026431379719770626
585,04024098,,,,
586,04024430,-13.14783121381439,0.33361251307784195,20.98947655840952,0.014190331459674257
587,04025500,-16.05915620084362,0.11167859409422182,8.132525984002367,0.0738948635922465
588,04027000,-26.086176462285504,0.26285969628425404,16.684316780643798,0.018198495877568666
589,04027500,-24.618739884253017,0.15825287391693568,-1.2852534922277756,0.05113286662758355
590,04029990,-46.09439342208516,0.1889525342762457,60.52686812581393,0.026993064468578548
591,04031000,-67.45031641963185,0.11827604045678253,187.01566761724663,0.025134106335340994
592,04031500,,,,
593,04032000,-44.779127346679445,0.1535202122640667,-12.705038710004676,0.01987187832478337
594,04033000,-47.36997616521433,0.10301957607259911,-0.8782940696538167,0.04173757511623067
595,04034500,,,,
596,04035500,,,,
597,04036000,-31.017193742019995,0.159530991986019,19.54621677642575,0.023564752227778284
598,04037500,-27.50118310694231,0.1252122782065804,15.650876066826783,0.012184326317781147
599,04039500,-28.32198813426736,0.25969838072259965,-37.42799398766721,0.013934100352631982
600,04040000,-24.08943773352068,0.21513146629123778,12.670194120259506,0.034737388982140745
601,04040500,-13.98004110343258,0.2671201580042621,43.06981729194126,0.013818550843089849
602,04041500,-10.270425341167586,0.21767686025492478,11.334993420690655,0.028437728230231173
603,04043050,-21.565478702989093,0.27502852565021596,22.354596614236637,0.02881888612912432
604,04043140,-4.545879648767397,0.3563545158380971,-5.210344988138864,0.02541009485251891
605,04043150,-32.60833925869386,0.21020183840252446,12.992320880994459,0.017442287373475748
606,04043238,-17.60014246844909,0.10810617442539575,7.563558551492394,0.06227713447734542
607,04043244,-26.671504388415435,0.12799023445398666,8.597722845452383,0.06534586032128847
608,04043275,-20.938387209223553,0.2363946474867512,39.6468096755369,0.025879349149495075
609,04044400,,,,
610,04044724,-8.000917373404993,0.15784021993264233,17.46101068338051,0.057264468192211565
611,04045500,1.0117880570427304,0.21307471634648803,3.7608383260417844,0.027592718995642272
612,04046000,-13.914714602324757,0.19588108985229877,-6.081745202759105,0.028433368097385777
613,04056500,-10.058940026360942,0.16565095075570632,12.383471283186427,0.034854814683273255
614,04057000,,,,
615,04057510,-2.0982520901486,0.1989126426237704,29.47269604703104,0.03445624309413101
616,04057800,-18.844363089369722,0.24208451891661398,31.816049245063134,0.019716782393778744
617,04058100,-46.89706719599572,0.12232771513824271,12.789781798793667,0.039065641423266045
618,04058200,-43.55536235499007,0.17353167835677472,9.933749235342656,0.02486380468929336
619,04058500,,,,
620,04059000,-5.7033930923981915,0.21354028262025507,34.20124859651693,0.03389919295648754
621,04059500,-19.62710688281745,0.21583580083060408,29.288968646669634,0.01465007631210561
622,04060500,-64.88396645245062,0.06193845167244297,55.683435128297,0.0767128195631851
623,04060993,-37.6609637833576,0.10145003551313987,9.510837856301654,0.0474136982970217
624,04061000,,,,
625,04061500,,,,
626,04062000,-66.64973871404686,0.09541855511313346,-7.4807562344881715,0.046677101708813354
627,04062011,-50.69082761015312,0.10320038792898834,-14.47352055435196,0.04314260274619533
628,04062200,,,,
629,04062500,-46.47086025510513,0.08480889190796348,14.269722371534224,0.04110770247842005
630,04063000,-33.08926106719753,0.10474075449080429,15.819017391747611,0.0543124667622473
631,04063500,-11.211404564427815,0.14612265892202808,31.35333813442554,0.06570287878916517
632,04063700,-29.501057837290812,0.15653724650723366,10.441248875917513,0.02424636596129237
633,04064500,-22.760017883355466,0.14378289452681203,-2.2019560059543726,0.030832878493271945
634,04065106,-25.426050702596577,0.12047826922716372,17.052243627170963,0.05077084893310119
635,04065300,,,,
636,04065500,,,,
637,04065722,-22.048085967761523,0.12630560937932012,11.567769243568588,0.04756980806789648
638,04066003,-27.907054830049706,0.12166023835561687,13.693041410073398,0.048282159039377236
639,04066030,-25.446531284046518,0.12364969488876053,12.065264691742174,0.04647326566324916
640,04066500,-24.747295574498267,0.11923927062233006,4.1283818996297965,0.043065093516662926
641,04066800,-59.25820562202293,0.06550710062552938,-7.699372173405693,0.03827598741953092
642,04067000,,,,
643,04067500,-37.69977824309779,0.10311949974135542,11.622654087621502,0.045646608970073325
644,04067958,-27.44321460532853,0.12262310063025347,-1.1246511546941391,0.037452509780457874
645,04069416,-17.18472262979171,0.12647118374428176,15.940368165081855,0.04159414728691949
646,04069500,-18.755562859951354,0.13013353421970603,15.08126608129877,0.03993075649611648
647,04071000,-20.739188586883294,0.11797374676342877,6.857438201949234,0.04440512069248044
648,04071765,-49.67288091064327,0.08906557168279612,16.01223591922766,0.03946510032087939
649,04071858,,,,
650,04072150,-32.60757764345368,0.17052927418634492,10.585697395159672,0.0018753662079558104
651,04072845,,,,
652,04073462,-66.58259607736662,0.07698919316258286,29.455040169100737,0.00845977940960799
653,04073473,-25.73855596100922,0.1634881840868991,482.3027999668618,0.23366236901168247
654,04073500,2.686732266816366,0.12464413570736144,-2.3467220232196078,0.038593563688640795
655,04073970,,,,
656,04074538,,,,
657,04074548,,,,
658,04074950,-25.77724426131866,0.10237268741636862,4.493067699255529,0.04893373199175682
659,04077400,,,,
660,04077630,-21.045480741919885,0.10376471410198984,0.23598538499175942,0.053473406011728015
661,04078500,-47.51315187078516,0.10558867682150976,10.929377882829652,0.03492216799930172
662,04079000,-25.436382779324685,0.11303937437835773,2.8163877193646436,0.03741824514833813
663,04080000,-62.14774613970596,0.06690849289452827,8.147465357185746,0.04367022373138452
664,04081000,-49.04058577023097,0.05384941268071669,7.267605937303573,0.06242346233603123
665,04082400,-16.692864011592786,0.10974909720140213,52.593970051598916,0.039933355745372476
666,04084500,-27.321762972604745,0.0978988922432205,31.931881576345965,0.035585555738352474
667,04085119,,,,
668,040851325,-58.66739179385673,0.21140392481258222,37.526875069931144,0.004236907563646028
669,04085200,-43.73146196212902,0.20776115102447418,31.257088274470096,0.018487422984570536
670,04085281,,,,
671,04085427,-20.35379272187762,0.19507826011528484,16.425031986631076,0.009216989531674862
672,04086000,-33.01896695390481,0.1532033348023159,19.668506809590234,0.020064474385422613
673,04086500,-41.09681343936073,0.14683209605675207,9.609168591866975,0.019147363761659614
674,04086600,-20.886495428396472,0.16238891456689009,3.0830036034170574,0.024510481853381453
675,04087000,-22.82015544697807,0.1577169484640217,-3.49374494523511,0.022558241975046366
676,04087030,-32.464806230456404,0.18516905887723634,29.410355846823755,0.012731168372246393
677,04087050,-69.03056058859183,0.10870150504098047,238.80966538790167,0.025527160748076413
678,04087070,-68.7264602856122,0.11185358946503966,267.27628858151104,0.01730109251005953
679,04087088,-49.76111383406557,0.18393166961770321,27.123032121288787,0.017570745391004908
680,04087119,-73.97677362517095,0.11876058029034103,1202.2405408988823,0.10193191845953188
681,04087120,-29.206281618262725,0.2216619616384675,27.38065642864123,0.013213177972615418
682,040871488,-50.371706985297706,0.2235036481863821,120.97913586354534,0.026466498236853864
683,04087159,-54.470259899270836,0.21407420950041914,105.22535039392282,0.023788584534770296
684,04087204,-34.16094732843876,0.2773244194528056,19.820057489343114,0.009223141920050014
685,04087214,-36.58394175177734,0.2876950419357376,59.95277022667963,0.007788424829001111
686,04087220,-22.11352429932779,0.2858141481407805,34.82540690906233,0.01057932343465975
687,04087240,-19.74973978192846,0.29196905330562956,10.859343700199759,0.005040977252999749
688,04087257,-38.152367226632514,0.25303922109054583,122.22214357898093,0.02117923860616454
689,04093000,-32.04824743805845,0.19711758531338186,-6.131433464442475,0.011803813032052956
690,04094000,-31.263146869074625,0.1771645061454596,8.314899069061793,0.03769287831355521
691,04094500,,,,
692,04095300,-51.357919170965026,0.1008435148805989,28.708434546740047,0.05599498849770201
693,04095380,-41.468964005568424,0.12041256787789968,611.087684719585,0.08523066836947162
694,04096015,-28.71655561837634,0.1870408281533711,1.0963971332994218,0.02839069759438439
695,04096100,,,,
696,04096400,,,,
697,04096405,-7.109386151304902,0.15185376120858915,13.955766922489241,0.030856540755218865
698,04096515,-22.306626711194752,0.16850206449989394,48.716114738848034,0.01911650967021941
699,04096600,,,,
700,04096900,,,,
701,04097500,-25.811834257882932,0.10390967838186603,17.21841545545809,0.039596338232976716
702,04097540,-19.236507543943564,0.1176866907572332,16.61629456055692,0.037221375579767034
703,04099000,-15.49578252287147,0.10993127030368892,5.190876347229416,0.03929199767116125
704,04099510,-16.198996460873598,0.1659661600215703,51.291610928372876,0.028508786668177643
705,04099750,-14.861493123140084,0.14054399389995073,32.87425249366089,0.038793412324813946
706,04099808,,,,
707,04099850,,,,
708,04100222,-8.824229335044265,0.15985630579639354,73.5357133111912,0.02807740641346757
709,04100252,,,,
710,04100295,,,,
711,04100500,-3.769255595219355,0.1597508423064705,47.26961880286924,0.034690265671358064
712,04101000,-8.24597763095835,0.11694523729462626,-3.602158855937771,0.039401656656573435
713,04101370,-34.116951159478035,0.09235750032669521,22.41140063548446,0.03835367624152135
714,04101500,-13.159016361184811,0.11049544593423502,0.4306623430336166,0.04227715929591188
715,04101800,-11.076758847449263,0.10435001232204365,-0.4638327250174237,0.04867102833276735
716,04102500,-19.042853152886998,0.10938775307136524,2.560766655872132,0.0483095616402325
717,04102700,-18.243997482276843,0.17884338396987604,7.693882348819633,0.03027167023280374
718,04102776,-88.89597556428676,0.00830717372790241,-40.956317070373984,0.030622747884332585
719,04103010,,,,
720,04103500,-15.698859856884598,0.10501525034778345,47.483443629000774,0.08416108314607314
721,04104945,-33.16714487534852,0.15274409954254672,2.7841598869269952,0.03018589603909587
722,04105000,-31.610678412813204,0.14313687142879106,-3.621848745603379,0.02664838712741356
723,04105500,-21.711845770081585,0.11974303603642318,-0.5696536947609994,0.044552807836065356
724,04105700,-15.074921299882732,0.09615067148583387,5.786769694716236,0.058810488747136284
725,04106000,-18.17463163452405,0.10500551969221893,-2.01269927272469,0.04845647127201808
726,04106180,,,,
727,04106300,,,,
728,04106320,-61.8292601943928,0.028140678812514423,-40.89259782679721,0.022436026609714516
729,04106400,-43.38442301197945,0.06196210781082859,9.057435800363566,0.03896538131711289
730,04106500,14.469145928394859,0.096456772500032,142.75226572680174,0.14530210869240776
731,04108500,,,,
732,04108600,-32.76252587781998,0.16099255716159758,2.0956149608437524,0.02830792235660422
733,04108670,,,,
734,04108800,-7.900753085058657,0.3700901132452036,61.92979818566619,0.006496671470538126
735,04108801,,,,
736,04109000,-17.883909072776785,0.12764353176133295,42.88514586031177,0.046184370072598104
737,04111000,-44.48986352744318,0.08914235960663454,23.82399684853677,0.033964214531068855
738,04111379,-68.45231034348008,0.07537914369666261,16.52882836278131,0.02122081637419089
739,04111500,,,,
740,04112000,-39.966759765528906,0.24669102667929219,61.53503516804366,0.004375283637318434
741,04112500,-23.562974488462626,0.1870826046123398,-0.4094946177706122,0.01695964790092034
742,04113000,-21.20139190764892,0.1439310141636589,13.598242910205885,0.02673368827928113
743,04114000,-26.36414353333871,0.13820804570815817,11.526225347331044,0.028415600621817222
744,04114498,-41.21224752017084,0.11233270193672144,12.47362401917983,0.02238052904922382
745,04114500,,,,
746,04115000,-31.556075664104977,0.185995227827891,14.868883058296817,0.010204852272617542
747,04115265,-19.916305877280216,0.12649761988558544,11.404391238477931,0.046720353365547806
748,04116000,-19.307062673991325,0.15779520776886571,-1.6710755685010417,0.023390892853480078
749,04116500,,,,
750,04117000,-28.441456340393785,0.1487406779467391,-10.538348713036726,0.038536686839839365
751,04117500,-25.08774464960601,0.16307868918873886,-0.7462109325246882,0.027540289949647242
752,04118000,,,,
753,04118500,-27.990771506379975,0.11772347459398755,12.006013714564645,0.04727970214868788
754,04119000,-18.10390434814046,0.1350815075491055,2.0834945232208253,0.03307393638799548
755,04121300,-2.0968114382936403,0.13128609217662804,12.452006100098327,0.05516559046170123
756,04121500,-6.353583302655235,0.14404223551211445,11.545535946099784,0.0416939618899273
757,04121900,,,,
758,04121944,-14.4423588015787,0.1296053789835251,2.8743848122178304,0.04706365062281768
759,04121970,-13.017648416050296,0.11704987964180195,9.343150614937919,0.052171352163960356
760,04122000,,,,
761,04122100,-24.019914970986488,0.16941407204176356,34.31108745027135,0.028075571213084377
762,04122200,-13.89938665191578,0.10998525452910966,-0.8063155737575661,0.054066200584830054
763,04122500,-5.183020427154733,0.1085886492064575,3.456482056206997,0.06006413529446079
764,04123500,4.3880888521767005,0.07664000875869503,-54.408472978076205,0.044390550524278656
765,04124000,-11.705815410070333,0.07888591808613513,-5.3410767037260936,0.07051287870428524
766,04124200,-6.7132471785499845,0.08097065277609934,2.4949540683044447,0.07647520327619128
767,04124500,-27.329136569992805,0.16526541934648362,44.51038972662887,0.03891517265946553
768,04125460,-40.53147462845132,0.06894727141869132,3.2835187739800937,0.07071125410802567
769,04125500,,,,
770,04125550,-11.040140620846536,0.0757425557727499,-2.4473856092701056,0.07146002193595374
771,04126000,,,,
772,04126740,-17.496846278300062,0.06287179303939561,-6.506203629859125,0.08083673002943557
773,04126970,-14.055993522033738,0.08869774915183966,2.4842344677844688,0.07020675201495051
774,04127000,,,,
775,04127800,-14.07578118501518,0.07219036877903054,-6.082227878555583,0.08496892104838634
776,04127918,,,,
777,04127997,-17.889337841595218,0.0819287466054075,-3.1520904206032174,0.0729039230526437
778,04128000,,,,
779,04128990,-26.176492105628668,0.08882626252899925,-9.465728008730174,0.06167638080361742
780,04129000,,,,
781,04129500,,,,
782,04130000,,,,
783,04130500,,,,
784,04133500,,,,
785,04133501,-66.92902035064077,0.055082934398542165,23.280783188203277,0.04964175948559897
786,04134000,,,,
787,04135500,,,,
788,04135600,,,,
789,04135700,-3.5260574020175564,0.1237405123650984,13.919282492027904,0.05919649584267898
790,04136000,-13.725319372626283,0.08745607659396655,-7.259720019478573,0.06240433765387034
791,04136500,-13.43516146543154,0.08708142936074549,5.7275656526647785,0.07146908732317647
792,04136900,-13.45359993123709,0.08256669960490907,0.9222786706621108,0.07079719857633336
793,04137005,-12.83015714178137,0.08392270462137257,1.6357911337917423,0.07163443196649089
794,04137500,-12.177309281951572,0.08933692822868365,14.31690407734553,0.08443487148284651
795,04138500,,,,
796,04140500,,,,
797,04142000,-16.14085789867197,0.16999648791965277,-2.923724184831246,0.04330821994222139
798,04143500,,,,
799,04143900,,,,
800,04144000,,,,
801,04145000,-59.98205352232869,0.07894529288854195,228.6945174692409,0.22946661701871152
802,04146000,-31.951757726575856,0.15568325596513377,88.24665566644626,0.024078790337801498
803,04146063,-22.403417897279105,0.1616764357633951,35.88583590680884,0.03357061777189589
804,04147500,-36.37426013768147,0.14897123241656574,68.24497298970562,0.03253089178410722
805,04148140,-28.227114227185794,0.18104742870258764,23.832927243127404,0.016913279675791863
806,04148500,-20.334506538442433,0.1809002087616201,45.5071262682868,0.02839236251024913
807,04149000,-54.87853601888554,0.034901843130494666,13.723850606397948,0.06446996498271938
808,04150000,,,,
809,04150500,-81.36302154882465,0.09885494190638189,463.3183844902648,0.15448367954947234
810,04150800,,,,
811,04151500,-25.963908690917197,0.23305265723751903,20.342411343346843,0.013416250886082363
812,04152238,-33.78488521957655,0.15186289458150393,4.377616246953007,0.04226206082380079
813,04152500,-87.01859348782689,0.026295407438243403,1.5583971535697207,0.050666609747688815
814,04153500,-27.880174538948527,0.26925508276121557,141.8309541777869,0.03216120047009954
815,04154000,-4.268201580362507,0.16213728281263426,8.177126421961024,0.04420701291135655
816,04155000,,,,
817,04155500,-17.14865402788391,0.18131195686066667,9.366584407972665,0.02910541007248199
818,04156000,-25.885140152813968,0.1819556048850748,1.714983528903,0.02472147931900603
819,04158500,,,,
820,04159492,-14.681872618224793,0.3487515577535471,68.93327297772257,0.011688732422044395
821,04159500,,,,
822,04159900,-30.77238700234446,0.26299295372763504,93.56125904658906,0.012015131190507313
823,04160600,-28.236138747325878,0.2510812174844638,34.26436060631416,0.016093477543095674
824,04160800,,,,
825,04160900,,,,
826,04161000,-55.75794308230617,0.05741384469073132,54.47827359581455,0.038456905366119884
827,04161100,,,,
828,04161500,,,,
829,04161540,-28.312217215817498,0.1281536831762426,14.653686755031087,0.031724096679013256
830,04161580,-41.67008323196912,0.13732716647626905,90.03065526196107,0.049481519323692824
831,04161800,-30.5661832683993,0.11416016471034535,132.1428808574109,0.07803290492610358
832,04161820,-45.72879260885004,0.0828024383668954,48.24442418703162,0.046050926620537204
833,04162900,,,,
834,04163400,-30.490562391818205,0.23201311584370835,11.22825876778269,0.014330779290929014
835,04164000,-14.161904742539539,0.16988733673285328,29.724490990927244,0.036713838263686724
836,04164100,-12.978312942060816,0.17345444818446581,41.17881444150095,0.03507266497882146
837,04164300,-49.902576347669864,0.25058728007291403,133.59756573301848,0.003897873770459749
838,04164500,-31.424268848699743,0.23353265571479304,6.694385803496031,0.007312475308809289
839,04165500,-20.890777601946418,0.17589853385127086,34.709464451393615,0.0283453304244355
840,04166000,-24.224511222834575,0.1899113849183549,19.597310972695812,0.028232257895109802
841,04166100,-31.387935973563447,0.1855655786959399,29.301881681230423,0.027848584778032058
842,04166300,-39.09082077454325,0.15712867064413977,-16.627436347054196,0.02282493879993774
843,04166500,-31.05396382251977,0.19482230703636347,18.981090503973547,0.023013822857805535
844,04167000,-19.44688388093637,0.20058921533999666,25.70270251414341,0.029301466644765885
845,04168000,-30.65257370353211,0.1779125681847348,-13.718210236513453,0.028179303798337548
846,04168580,-19.243501714739534,0.3305195085064017,58.172778616898015,0.011245684579661188
847,04170000,-18.57109314398066,0.10123678706432972,30.002357834960247,0.04356631178972998
848,04170500,-10.742149263726915,0.09544047597814408,4.493715800589646,0.05301139953755952
849,04172000,-19.813043601411234,0.10502086538246569,14.500847253165094,0.04097540707608784
850,04173500,-45.97092968060701,0.1234304271268905,261.04548038376834,0.09789292508450657
851,04174500,-17.564901526599737,0.12872422034894407,12.43916496417227,0.030924538222152183
852,04174518,-35.931070192158224,0.2133600913071498,19.56106721849036,0.022376036760756585
853,04175600,-14.79713214376802,0.13670486216631045,43.979139145094734,0.02997070948508029
854,04176000,-13.353330965004757,0.18240973880297012,17.203848327857777,0.02852732627412609
855,04176500,-13.285998161261944,0.2234465599639069,6.8343546069828855,0.015297224139476482
856,04176605,,,,
857,04177000,-21.961110716664002,0.2921527497416461,86.88423540449851,0.008460995434668848
858,04177720,-28.8847807663556,0.220426204286953,77.66886353448854,0.009072927892283283
859,04178000,-9.684327897093493,0.24097531476535983,19.615999743610075,0.010882890201203851
860,04179000,,,,
861,04179520,-3.80429884798727,0.3032096645997629,49.26499281240011,0.01077888112449187
862,04180000,-6.521998814603323,0.29403264997420364,17.833071319371356,0.01350396650962762
863,04180500,-8.926097524290007,0.23184282344106572,37.72381462773499,0.015691576047748887
864,04180988,-16.23905578465888,0.31836419293568796,6.998937569788678,0.005549940874114327
865,04181500,-13.0242638520289,0.3029584799025993,19.22390602365973,0.004490140405868179
866,04182000,-16.134248445507023,0.28541436632499995,27.231728628945735,0.004500930070891604
867,04182950,-2.5067188523957094,0.2672935802445093,25.194194098805074,0.010094740740483023
868,04183000,-3.7497824777633504,0.26597331414663034,14.585298929479787,0.009972984880859747
869,04183500,-43.74759200154111,0.1282083440763945,3101.1129345772024,0.2551518364505275
870,04184500,-51.724388431393756,0.15671063641784408,102.75838532109776,0.019666604481428474
871,04185000,-0.7894115703395925,0.2874150049124957,19.98799885794613,0.008748199062522137
872,04185440,-62.47915241441368,0.20705486303004583,81.97855616720932,0.0027769960238695525
873,04186500,-30.081918051496576,0.32539203194615113,98.83316561042443,0.0051293347771686655
874,04187500,,,,
875,04188337,-35.60248421522172,0.3392228610227614,112.96583291358964,0.0019429134707591067
876,04188400,-32.79378235028743,0.33572468160632996,142.75157337624665,0.006002699100896373
877,04188433,-59.10360341584593,0.22439475394529254,468.30507736664975,0.001346322607950515
878,04188496,-53.04773608882664,0.264744082934485,134.2436090993269,0.0009005857871846912
879,04189000,-30.873028408166846,0.30737489580065075,36.14509144837414,0.007075851206060916
880,04192500,-13.896717209589877,0.2642812935902156,45.951089357183875,0.007362580990208519
881,04193500,-13.487118159308537,0.2590706269856458,37.63575953466754,0.007071299514775648
882,04195500,-25.3882812087884,0.34149681443279983,47.74601090687129,0.004045554555489266
883,04195820,-21.488629792985567,0.3408013589640823,24.820899528335982,0.004153461486014647
884,04196000,-72.14075956299692,0.13186155604169308,64.15676086064582,0.005790522666636816
885,04196500,-80.91504261880706,0.08324958762456638,267.25558927058114,0.013055986633823818
886,04196800,-34.9301981534599,0.3020122326739357,305.05698479512444,0.0029184459840606715
887,04197000,,,,
888,04197100,-20.34580632222611,0.33347021009678585,25.094611677759467,0.002568264609622104
889,04197170,-39.66708898480381,0.3354093759686283,66.72257084564455,0.006921618179338249
890,04198000,-10.733334723615762,0.3371324169435647,18.553917404928843,0.004999033937741694
891,04199000,-29.61156858831432,0.3140068645386341,37.25501584303979,0.008670690595146559
892,04199155,-30.9144465676159,0.33878327018853793,246.11192831729832,0.0023276704439341017
893,04199500,-73.12177205584672,0.11724813451239587,80.55153350617766,0.004407390906660381
894,04200500,-23.000084659911913,0.34020742527703995,41.14074266810461,0.003788055131480969
895,04201500,-31.861042702851027,0.2810571927674227,25.41678286722092,0.009589787433533878
896,04202000,-17.704176123017344,0.16474727384729462,24.05962661742652,0.03267066870135837
897,04206000,-14.356757219674115,0.16932650645111705,-3.9834738268552736,0.02340294332582539
898,04206043,-54.422600381526756,0.16063571214985195,37.89744422742919,0.014037172445954923
899,04206212,-81.67743613148247,0.07793948932410288,160.12334065108095,0.018471656798906166
900,04206220,-74.7530008600004,0.07311124384066017,-31.556413231055764,0.016933631589599485
901,04207200,-22.733451762236246,0.20063996396432726,13.33506410046671,0.01988419110987056
902,04208000,-20.631848160414645,0.16938947695636764,3.0679597183682232,0.025609791833897035
903,04208460,-59.20686501525198,0.16266179917689635,29.567483238648286,0.022651647387527486
904,04208504,-31.691104886418664,0.1392676745740194,32.14612623629789,0.03861275833245289
905,04209000,-27.38228358497807,0.22434662585321033,146.0791497934451,0.028609869851016632
906,04212100,-0.421622323369751,0.2571799829939066,41.66630990358781,0.004873353771629428
907,04212500,,,,
908,04213000,-33.33616451372296,0.2196498036896667,19.70986302444511,0.005013248704793431
909,04213040,,,,
910,04213075,-45.507762193061104,0.167529712319175,14.800718455026804,0.01773116283823571
911,04213500,-12.309560782018341,0.22256903823822025,40.40280027129315,0.022858354028962646
912,04214500,-55.660905198917945,0.14481748824273832,43.441115674591956,0.009943534020712616
913,04215000,-28.302542510740487,0.2698932566013145,50.77994344882407,0.004522294660865668
914,04215500,-13.555146478121955,0.27041797062181683,29.310184971800375,0.009593232302269982
915,04216200,,,,
916,04216418,-26.03968579787141,0.2338281001062384,42.279892525312675,0.011021956311934327
917,04216500,,,,
918,04217000,-17.262033553133165,0.24298981031533648,56.94573519119217,0.009296275616185089
919,04217500,,,,
920,04218000,-10.635929517116587,0.22166355567650015,25.873130548243182,0.008685646365019544
921,04218518,-30.11917786402164,0.1808814130382346,-5.312315853441658,0.01694375004818681
922,04220250,,,,
923,0422026250,-49.67057851665923,0.12151756928000561,31.584378431262643,0.03749975359846897
924,04221000,-23.92108371602913,0.19778323534072584,15.680429825299022,0.009407610437477332
925,04223000,-27.747550886256946,0.18905736770129108,9.510438802262595,0.01174321348416091
926,04224775,-30.070461275631068,0.2039623385468618,28.918252389143372,0.013046152887405127
927,04227000,-13.42491247336185,0.21420693038188016,39.29420159751546,0.0160279611179451
928,04227500,-29.191673021921538,0.11922030387685381,18.58096188532401,0.01256692402821697
929,04227995,-68.9124039963312,0.09898757155448576,48.259438231632714,0.026495252900727014
930,04228500,-16.742730432822334,0.13521030879359167,14.756741714774229,0.01298321174799119
931,04229500,-40.72907220069569,0.1725880725983221,70.69898465327424,0.002990336118781479
932,04230380,-29.418534771906156,0.223329350897315,31.43020599418589,0.010883682989342449
933,04230500,-15.696014989141426,0.20533888312192133,26.657950173998522,0.016262361492046705
934,04231000,-26.30100003426169,0.21845796099980533,74.17914526087695,0.007510691127601489
935,04231600,-15.861871144623496,0.14064699870665257,56.029199309867394,0.021931551527658136
936,04232000,,,,
937,04232034,-38.55389321058283,0.11390846347280624,2.1892666959976657,0.03253864821410194
938,04232050,-20.723882816594788,0.2111103479522356,71.14821760428606,0.032916133683440194
939,0423205010,-24.191692825888573,0.16676577780520543,4.356892121537036,0.03521569943198706
940,04232100,-88.45986353759007,0.043059218339756365,244.90053450039107,0.06472959875168056
941,04232482,-46.96841972040348,0.13217955246676824,145.8793447237826,0.02101510324040355
942,04233000,,,,
943,04233286,-29.424514975947798,0.2091897124210294,34.898378347742096,0.014962925167390595
944,04233300,-21.533954000743197,0.22018877498365066,23.03512393929634,0.01452299695572758
945,04234000,-9.484063686366413,0.22904333346492284,32.62964162889739,0.014920229999191653
946,0423401815,-64.55554201024475,0.10908525158244738,655.2670781822053,0.017669001451880426
947,04235250,-53.01166180357287,0.14888694627300744,368.33453834385415,0.01714997019072003
948,04235500,,,,
949,04237500,3.2752678760659153,0.1377532485206198,64.08483459791717,0.043205836224085435
950,04237962,0.5611411259088906,0.22012384769858698,35.72940470622532,0.01805349630062257
951,04239000,-10.859183654853249,0.19300217610366252,12.805519030950464,0.02031670007697522
952,04240010,-10.23142077379915,0.172230414478652,3.4166437400891856,0.024510775728193674
953,04240100,-44.28356535846035,0.11811403683778221,6.868999518902766,0.038751942928233224
954,04240120,-31.895925254308345,0.1787213263608154,32.22607490159473,0.0228458098721319
955,04240180,-21.613993209415185,0.12795028381133147,66.59163693271208,0.025105044679743366
956,04240200,,,,
957,04240300,-22.516197244334418,0.13578440656376148,11.585881407323766,0.028431531487348435
958,04240503,,,,
959,04242500,-57.90118454556319,0.10670067035354802,103.97432881232993,0.02479941865181107
960,04243500,-18.27625928537271,0.20019172215238407,6.699476039716874,0.01817957857741433
961,04245000,,,,
962,04245200,,,,
963,04246500,,,,
964,04247000,1.5440631961773275,0.12268368705595233,105.84322299715978,0.025938610613365765
965,04249000,-17.29977961103329,0.10473318107623528,36.1686543268612,0.01976342710671646
966,04250200,-21.894179766425626,0.13546829763395538,-8.223409253417984,0.02593123641904154
967,04250750,-30.025728664540267,0.20543940335822786,62.88503893467633,0.0066121861996948335
968,04252500,-16.791063997030896,0.1754284793923137,63.265673531438324,0.032854976029837175
969,04256000,-26.504816984471347,0.17047552012496442,35.437337829153606,0.02281767938201714
970,04257000,,,,
971,04258000,-35.350575243370834,0.08074658460166555,68.88873700814311,0.06605137711444012
972,04260500,-5.770725207787467,0.15605020922744578,21.93406996254908,0.03084143926527612
973,04263000,-16.664959934353018,0.15186095919656195,61.34925897163059,0.026910641903603365
974,05535070,-32.95054135707744,0.26096581634911786,50.92496973790458,0.009440178859548426
