,basin_id,NSE,KGE,Performance
0,02AA001,,,N/A
1,02AA002,,,N/A
2,02AB001,,,N/A
3,02AB002,,,N/A
4,02AB004,,,N/A
5,02AB005,,,N/A
6,02AB006,0.5283391651400517,0.5603328895946953,Good
7,02AB007,,,N/A
8,02AB008,0.6573584957419845,0.544244136958562,Good
9,02AB009,,,N/A
10,02AB010,,,N/A
11,02AB011,,,N/A
12,02AB012,,,N/A
13,02AB013,,,N/A
14,02AB014,0.5988986459917688,0.531890984790518,Good
15,02AB015,,,N/A
16,02AB016,,,N/A
17,02AB017,0.5780400633638934,0.5060358636110778,Good
18,02AB019,0.6645739920862138,0.6439944961140072,Good
19,02AB020,0.7190192273282068,0.7661012085100374,Good
20,02AB021,0.6575959177461006,0.5955970078331163,Good
21,02AB022,0.6198175151286172,0.7003930727844486,Good
22,02AB023,0.5246298708401792,0.302167887997284,Good
23,02AB024,0.65706349241468,0.5913479254524119,Good
24,02AC001,0.6534604772476766,0.5464673927742039,Good
25,02AC002,0.7930752388261008,0.8855729720316814,Excellent
26,02AD010,0.7185878109501307,0.7595895096021493,Good
27,02AD011,,,N/A
28,02AE001,0.13903512580444133,0.037200756565153204,Unsatisfactory
29,02BA002,,,N/A
30,02BA003,0.7513133558395342,0.8260840633553219,Excellent
31,02BA005,0.6098003028764756,0.5720885624142518,Good
32,02BA006,0.6958934584571723,0.7760077005837368,Good
33,02BB002,,,N/A
34,02BB003,0.7753598234776227,0.8209671942674992,Excellent
35,02BB004,0.6887392119202882,0.8429161423482214,Good
36,02BC002,,,N/A
37,02BC003,,,N/A
38,02BC004,0.7760932125152284,0.8457853153866088,Excellent
39,02BC005,,,N/A
40,02BC006,0.6674932891314298,0.7357570008959966,Good
41,02BC008,0.6052161124271263,0.6829818611200844,Good
42,02BD001,,,N/A
43,02BD002,0.21262751086915843,0.19116923195022928,Unsatisfactory
44,02BD003,,,N/A
45,02BD006,-0.1340758257554724,0.11473861219396819,Negative
46,02BD007,0.27306408967049023,0.4278061879037395,Unsatisfactory
47,02BE001,,,N/A
48,02BE002,-0.6269731557926892,-0.11280468295958723,Negative
49,02BF001,0.7285253527888129,0.8294999392950267,Good
50,02BF002,0.6904905420654102,0.8129755368385089,Good
51,02BF003,,,N/A
52,02BF004,0.6499794818716913,0.5423696758718334,Good
53,02BF005,0.8361377979116053,0.8080518287300192,Excellent
54,02BF006,0.8403938980834216,0.8014809899936186,Excellent
55,02BF007,0.7677040142303962,0.7003606099888708,Excellent
56,02BF014,0.7383958490118375,0.8682332030934086,Good
57,02CA002,0.7805450705212477,0.8603663684055896,Excellent
58,02CA007,0.7270389325830923,0.6636139291790372,Good
59,02CB001,,,N/A
60,02CB002,,,N/A
61,02CB003,0.6492306366264077,0.7915734259492386,Good
62,02CC002,,,N/A
63,02CC003,,,N/A
64,02CC004,,,N/A
65,02CC005,0.8009700618231035,0.8904004299859819,Excellent
66,02CC006,,,N/A
67,02CC007,,,N/A
68,02CC009,,,N/A
69,02CC010,0.7987239419293721,0.8612204951018785,Excellent
70,02CD001,0.8059192131746447,0.8317874069698604,Excellent
71,02CD002,,,N/A
72,02CD003,,,N/A
73,02CD004,,,N/A
74,02CD005,,,N/A
75,02CD006,0.6915775330323897,0.8320436547585517,Good
76,02CE001,,,N/A
77,02CE002,0.7890890065467178,0.8338172557042763,Excellent
78,02CE003,,,N/A
79,02CE004,,,N/A
80,02CE007,0.7471795164058532,0.7886635284542567,Good
81,02CE103,,,N/A
82,02CF001,,,N/A
83,02CF002,,,N/A
84,02CF004,,,N/A
85,02CF005,0.6663163856533275,0.6639107250740868,Good
86,02CF007,0.8323610663795122,0.7879114438951966,Excellent
87,02CF008,0.8041096140885279,0.7038194272250893,Excellent
88,02CF009,,,N/A
89,02CF010,0.7028375692937612,0.6986557820828605,Good
90,02CF011,0.6185827575932343,0.4211108916489834,Good
91,02CF012,0.7625258672984164,0.8397316312186225,Excellent
92,02CF013,0.6966223413573505,0.8178200711971267,Good
93,02CF014,0.7635917286855993,0.6078969069898266,Excellent
94,02CF100,,,N/A
95,02CG001,,,N/A
96,02CG003,0.48104948832898886,0.47232412841061977,Good
97,02CG004,0.2524074980515447,0.19945429500353862,Unsatisfactory
98,02DA001,,,N/A
99,02DB001,,,N/A
100,02DB002,,,N/A
101,02DB003,,,N/A
102,02DB004,,,N/A
103,02DB005,0.5151322547681172,0.5877436462299781,Good
104,02DB006,,,N/A
105,02DB007,0.75566955690465,0.6893576312525439,Excellent
106,02DB008,0.5550820833842556,0.7152210247136513,Good
107,02DC001,,,N/A
108,02DC002,,,N/A
109,02DC003,,,N/A
110,02DC004,0.8322080467136231,0.7494622766548982,Excellent
111,02DC005,,,N/A
112,02DC006,,,N/A
113,02DC007,,,N/A
114,02DC008,,,N/A
115,02DC009,,,N/A
116,02DC011,,,N/A
117,02DC012,0.8486008579325544,0.7588006806234343,Excellent
118,02DC013,0.8309827070154034,0.8234214594763613,Excellent
119,02DD001,,,N/A
120,02DD002,,,N/A
121,02DD004,,,N/A
122,02DD005,,,N/A
123,02DD007,,,N/A
124,02DD008,,,N/A
125,02DD009,,,N/A
126,02DD010,0.4296988353098242,0.6069805147940195,Good
127,02DD012,0.46488927355305554,0.4635041477809768,Good
128,02DD013,0.6240108109559661,0.7731054704349887,Good
129,02DD014,0.7088319470435116,0.7124755271547509,Good
130,02DD015,0.7797665120007179,0.8335823420431031,Excellent
131,02DD016,0.707004414453024,0.8503624089813184,Good
132,02DD017,0.17142129310823873,0.556060770725312,Unsatisfactory
133,02DD019,,,N/A
134,02DD020,0.11532101753884283,0.012713259845546943,Unsatisfactory
135,02DD024,0.5143359080493306,0.6989004352622654,Good
136,02DD026,0.27361832749499504,0.536569652404141,Unsatisfactory
137,02DD029,0.18205322010510305,0.5659901662548188,Unsatisfactory
138,02DD031,-46.46136099218,-4.609220005197819,Negative
139,02EA001,,,N/A
140,02EA005,0.7441822514898115,0.7905248864267862,Good
141,02EA006,,,N/A
142,02EA007,,,N/A
143,02EA008,,,N/A
144,02EA009,,,N/A
145,02EA010,0.6864478688380209,0.697173486617586,Good
146,02EA011,0.8150620833721414,0.8473630289946544,Excellent
147,02EA012,,,N/A
148,02EA018,0.7636074507480053,0.795651257821282,Excellent
149,02EA021,0.6393205702366,0.6715301736530371,Good
150,02EB002,,,N/A
151,02EB003,,,N/A
152,02EB004,0.739751119422875,0.8242081973780446,Good
153,02EB005,,,N/A
154,02EB006,0.5980421609529445,0.6293773019604498,Good
155,02EB007,,,N/A
156,02EB008,0.49884216894445776,0.5283489117522788,Good
157,02EB009,,,N/A
158,02EB010,,,N/A
159,02EB011,0.6529720939031948,0.5342269721223312,Good
160,02EB012,0.4565319622659606,0.7117905468560638,Good
161,02EB013,0.7737503271995552,0.7628011034427494,Excellent
162,02EB014,0.7344600465325059,0.6868223226407383,Good
163,02EB103,,,N/A
164,02EB104,,,N/A
165,02EB105,,,N/A
166,02EC001,,,N/A
167,02EC002,0.8463544105843017,0.830852124016167,Excellent
168,02EC003,0.7097844507176341,0.7124966297509085,Good
169,02EC004,,,N/A
170,02EC006,,,N/A
171,02EC007,,,N/A
172,02EC008,0.6523233710421562,0.7350044568449945,Good
173,02EC009,0.6697785525890939,0.5830147043110445,Good
174,02EC010,0.5841497666247137,0.5339185368316743,Good
175,02EC011,0.21412755951770046,0.23749215041447103,Unsatisfactory
176,02EC012,,,N/A
177,02EC014,,,N/A
178,02EC018,0.6419770333838193,0.6691423823462048,Good
179,02EC019,0.7658147309419913,0.7258134301003818,Excellent
180,02EC020,0.7893171963646924,0.8249461539660596,Excellent
181,02EC021,0.5913705458465411,0.6548159604397663,Good
182,02EC022,0.6910352989928328,0.6154401325161061,Good
183,02EC101,,,N/A
184,02EC103,,,N/A
185,02EC918,,,N/A
186,02ED001,,,N/A
187,02ED003,0.7048297998151813,0.6731973583852521,Good
188,02ED004,,,N/A
189,02ED005,,,N/A
190,02ED007,0.7972880749604738,0.8937396608055671,Excellent
191,02ED009,,,N/A
192,02ED010,,,N/A
193,02ED011,,,N/A
194,02ED013,0.6908813897630782,0.649624421258348,Good
195,02ED014,0.6594039504759545,0.7995610129700135,Good
196,02ED015,0.7870468288302688,0.8302937921554657,Excellent
197,02ED016,,,N/A
198,02ED017,0.6995512773249002,0.6437722674745963,Good
199,02ED018,,,N/A
200,02ED019,,,N/A
201,02ED024,0.7189078207124215,0.6325477992523042,Good
202,02ED025,,,N/A
203,02ED026,0.6668202287247691,0.5945690061426172,Good
204,02ED027,0.76170554468319,0.7597144487360176,Excellent
205,02ED028,,,N/A
206,02ED029,0.4573329682627272,0.4812577412788255,Good
207,02ED030,0.6103872758375568,0.7041052704941781,Good
208,02ED031,0.6242692789394488,0.5814152232581812,Good
209,02ED032,0.6925845917373123,0.7483573185382503,Good
210,02ED100,0.360692455605197,0.2802580901277709,Good
211,02ED101,0.6701497193539505,0.5943472664350604,Good
212,02ED102,0.6367091708185588,0.5502094387206891,Good
213,02FA001,0.7944193844605686,0.7222269535922068,Excellent
214,02FA002,0.737270040754941,0.7815318544734862,Good
215,02FA004,0.5160006595540949,0.3837577480611205,Good
216,02FB001,,,N/A
217,02FB003,,,N/A
218,02FB004,,,N/A
219,02FB005,,,N/A
220,02FB006,,,N/A
221,02FB007,0.7641047795214212,0.6907263451371084,Excellent
222,02FB008,,,N/A
223,02FB009,0.7687927722060734,0.8229349217518128,Excellent
224,02FB010,0.7951524784791051,0.712605859622923,Excellent
225,02FB012,0.7318056070841503,0.7710858126524395,Good
226,02FB013,0.5985245002081938,0.7922703714230257,Good
227,02FB014,0.7562514380547665,0.7801814228436182,Excellent
228,02FC001,0.7926776237386739,0.6626500233743027,Excellent
229,02FC002,0.7914596312423428,0.665348133747545,Excellent
230,02FC004,,,N/A
231,02FC005,,,N/A
232,02FC009,,,N/A
233,02FC011,0.3582227275475356,0.23435453079442192,Unsatisfactory
234,02FC012,0.6417718939759722,0.7308279671072555,Good
235,02FC013,,,N/A
236,02FC014,,,N/A
237,02FC015,0.70821088505819,0.6730702543126621,Good
238,02FC016,0.17563931863642934,0.564348906325401,Unsatisfactory
239,02FC017,0.5685743193875241,0.7349820347994803,Good
240,02FC018,,,N/A
241,02FC019,,,N/A
242,02FC020,0.4092678680097628,0.3231981419105463,Good
243,02FC021,0.5099874316292112,0.7454024849836427,Good
244,02FD001,0.325390507953207,0.23808190685589958,Unsatisfactory
245,02FD002,0.6992458313703855,0.715763917559864,Good
246,02FD003,0.5582837186392113,0.43386999805647775,Good
247,02FE001,,,N/A
248,02FE002,0.6473485924712216,0.5085743251079191,Good
249,02FE003,0.699915615607116,0.5787915899550926,Good
250,02FE004,,,N/A
251,02FE005,0.6161378660197807,0.4971439803348041,Good
252,02FE007,0.7220492917586562,0.6228103260614306,Good
253,02FE008,0.5550687827793295,0.6858601244171139,Good
254,02FE009,0.696751537102866,0.6720681415186247,Good
255,02FE010,0.6689246751635751,0.6327369911289626,Good
256,02FE011,0.20675668365879885,0.5899062586038242,Unsatisfactory
257,02FE013,0.6551922664542092,0.6126353915823233,Good
258,02FE014,0.6834278272726944,0.5976211962741782,Good
259,02FE015,0.7785442016948494,0.7370243025379712,Excellent
260,02FE016,0.6146939918874497,0.459780761958106,Good
261,02FE017,0.6210231901164899,0.5632695354028423,Good
262,02FE018,0.5153711898561976,0.4070550002984493,Good
263,02FF001,,,N/A
264,02FF002,0.7692153619175767,0.6932995507828457,Excellent
265,02FF003,,,N/A
266,02FF004,0.5347398544879098,0.6321868667579447,Good
267,02FF005,,,N/A
268,02FF006,,,N/A
269,02FF007,0.6486595991351076,0.5356596508190139,Good
270,02FF008,0.5953716315739142,0.5393286712626764,Good
271,02FF009,0.6755196232433167,0.7130389719711838,Good
272,02FF011,0.5589046478630724,0.45987531979401164,Good
273,02FF012,,,N/A
274,02FF013,0.5773551891012,0.7072946093533148,Good
275,02FF014,0.4531687517967795,0.44778313455708985,Good
276,02FF015,0.5355765539167503,0.6949832426796951,Good
277,02FF016,0.287032826592151,0.4457931229273254,Unsatisfactory
278,02GA001,,,N/A
279,02GA002,,,N/A
280,02GA003,0.7455776955616533,0.7266654172510721,Good
281,02GA004,,,N/A
282,02GA005,0.6558794755501093,0.5527013425410604,Good
283,02GA006,0.5063322752422796,0.4601967563936684,Good
284,02GA007,,,N/A
285,02GA008,,,N/A
286,02GA009,,,N/A
287,02GA010,0.6627035990811072,0.5762242777933826,Good
288,02GA011,,,N/A
289,02GA012,,,N/A
290,02GA013,,,N/A
291,02GA014,0.716586556611728,0.6756946782953936,Good
292,02GA015,0.7394892498320103,0.8021326943922237,Good
293,02GA016,0.5281582683478134,0.4176701860981369,Good
294,02GA017,,,N/A
295,02GA018,0.6724775639925323,0.5772083630100833,Good
296,02GA020,,,N/A
297,02GA022,,,N/A
298,02GA023,0.6109057385281811,0.5631499470782998,Good
299,02GA024,0.5299949954216691,0.6223096975053326,Good
300,02GA027,,,N/A
301,02GA028,0.35774254139544737,0.27970605375925417,Unsatisfactory
302,02GA029,0.7912932004926865,0.7247851234297169,Excellent
303,02GA030,0.5315602795517547,0.5658714318144182,Good
304,02GA031,0.774602470497294,0.8140768363578516,Excellent
305,02GA033,,,N/A
306,02GA034,0.676013701685525,0.686723835961337,Good
307,02GA035,,,N/A
308,02GA036,,,N/A
309,02GA037,,,N/A
310,02GA038,0.6954378320657797,0.6080722441159252,Good
311,02GA039,0.5714850841914543,0.49485983276466483,Good
312,02GA040,0.7642206221733909,0.8261435469417283,Excellent
313,02GA041,0.6234342140685523,0.6276608897556049,Good
314,02GA042,0.06298725573400343,-0.08423120505722892,Unsatisfactory
315,02GA043,0.30285825716834625,0.2925350275945404,Unsatisfactory
316,02GA045,-1.1002674477341303,0.3469577821516153,Negative
317,02GA047,0.7997091857680869,0.7762340424088838,Excellent
318,02GA048,0.7108480257909415,0.6512365360656676,Good
319,02GA049,0.5224406036834932,0.2726254165288362,Good
320,02GB001,0.7530944435660115,0.7132784043229887,Excellent
321,02GB002,,,N/A
322,02GB003,,,N/A
323,02GB004,,,N/A
324,02GB005,,,N/A
325,02GB006,0.37351621769100785,0.2913499146435071,Good
326,02GB007,0.7928597380088047,0.8933255118651259,Excellent
327,02GB008,0.7548274161602726,0.749855582421782,Excellent
328,02GB009,,,N/A
329,02GB011,,,N/A
330,02GC001,,,N/A
331,02GC002,0.6653390627099803,0.466560125476679,Good
332,02GC004,,,N/A
333,02GC005,,,N/A
334,02GC006,0.7345391869548921,0.766046618239083,Good
335,02GC007,0.6946009594604732,0.6561481589489415,Good
336,02GC008,0.672471482797905,0.7648380342636141,Good
337,02GC009,,,N/A
338,02GC010,0.7242038186790194,0.6447565918682088,Good
339,02GC011,0.5813955362067137,0.4829558418594574,Good
340,02GC012,,,N/A
341,02GC013,,,N/A
342,02GC014,,,N/A
343,02GC015,,,N/A
344,02GC016,,,N/A
345,02GC017,0.4211908116286158,0.38424663180662477,Good
346,02GC018,0.756984392647059,0.6180319587588974,Excellent
347,02GC022,0.7416910810973469,0.8326106271630126,Good
348,02GC023,,,N/A
349,02GC024,,,N/A
350,02GC025,,,N/A
351,02GC026,0.7301405794403965,0.6415245042476996,Good
352,02GC029,0.6232916596187255,0.4454440192916711,Good
353,02GC030,0.6642935421118021,0.5768863514095223,Good
354,02GC031,0.6612684978511849,0.5334789137139497,Good
355,02GC033,,,N/A
356,02GC034,,,N/A
357,02GC035,,,N/A
358,02GC036,0.5160954762924082,0.49002546279101966,Good
359,02GC037,0.06969144106007985,0.5449424003287946,Unsatisfactory
360,02GC038,0.06445395533907206,0.2728542389626699,Unsatisfactory
361,02GD001,0.8215186809448936,0.7519275873917188,Excellent
362,02GD003,0.5978933730959515,0.7498421127679229,Good
363,02GD004,0.6999707450662023,0.560238472652739,Good
364,02GD005,0.7311249042926411,0.7097536319627308,Good
365,02GD006,,,N/A
366,02GD007,,,N/A
367,02GD008,0.7022315233690923,0.596981437221487,Good
368,02GD009,-0.020979224513576922,0.0271289886496332,Negative
369,02GD010,0.5091808123134873,0.3733935077337762,Good
370,02GD011,0.5473282945729661,0.48909154758189677,Good
371,02GD012,,,N/A
372,02GD013,,,N/A
373,02GD014,0.7503518813607649,0.7464389760714616,Excellent
374,02GD015,0.6565934357812387,0.5694209667538819,Good
375,02GD016,0.7832678943705195,0.7611890394612618,Excellent
376,02GD018,0.6916477767250635,0.5837190007496399,Good
377,02GD019,0.5047784091238506,0.6050964652567339,Good
378,02GD020,,,N/A
379,02GD021,0.661452092116673,0.5568179603967884,Good
380,02GD023,,,N/A
381,02GD025,,,N/A
382,02GD026,0.5469442415089958,0.4488861708073142,Good
383,02GD027,0.6652784280508559,0.5685298204396716,Good
384,02GD028,0.6166578502221358,0.6607530064359781,Good
385,02GE001,,,N/A
386,02GE002,0.7859919432127984,0.6796961159260986,Excellent
387,02GE003,0.7783096213487838,0.6976658908244517,Excellent
388,02GE005,0.5555122523476006,0.4163507702429743,Good
389,02GE006,0.7999096679841591,0.720363484566513,Excellent
390,02GE007,-0.15809112953437032,0.31649029940694984,Negative
391,02GE008,0.5486507195437322,0.37492648629259306,Good
392,02GE009,0.7711329253280513,0.6176651013371348,Excellent
393,02GG002,0.6359272219061133,0.5237793684075365,Good
394,02GG003,0.7285834016364519,0.672262606971679,Good
395,02GG004,,,N/A
396,02GG005,0.14789363467029815,0.014682776013700938,Unsatisfactory
397,02GG006,0.5325050570780627,0.36790866462426,Good
398,02GG007,,,N/A
399,02GG009,0.6077181036018157,0.4823519558923145,Good
400,02GG013,0.5638282363035793,0.6879315707815838,Good
401,02GH001,,,N/A
402,02GH002,0.49828574219807065,0.35370993804434137,Good
403,02GH003,0.7200868141236106,0.6733229708526836,Good
404,02GH004,,,N/A
405,02GH011,0.24445605452488461,0.2105130132967865,Unsatisfactory
406,02GH016,0.6190696871858743,0.5699008319955285,Good
407,02HA006,0.7418800223160958,0.7520767248219565,Good
408,02HA007,0.6681543692693401,0.6420920450804619,Good
409,02HA014,0.39712330638318316,0.23400437615362335,Good
410,02HA020,0.7341341470249341,0.6957868574683201,Good
411,02HA022,,,N/A
412,02HA023,,,N/A
413,02HA024,,,N/A
414,02HA026,,,N/A
415,02HA027,,,N/A
416,02HA028,,,N/A
417,02HA029,,,N/A
418,02HA030,0.5099318540117631,0.38282847198598957,Good
419,02HA031,0.4116563834337984,0.2927123005029274,Good
420,02HA032,0.45176169618025264,0.2910273228074003,Good
421,02HB001,0.6972293028300088,0.7227323025162817,Good
422,02HB002,,,N/A
423,02HB004,0.6558037803424313,0.5350332401671445,Good
424,02HB005,0.6774850471144491,0.6191367001907603,Good
425,02HB006,,,N/A
426,02HB007,0.732629009549139,0.6597001557043553,Good
427,02HB008,0.7622803564836291,0.6765499886496078,Excellent
428,02HB010,,,N/A
429,02HB011,0.5259894429410783,0.4373209610000497,Good
430,02HB012,0.7780831038944256,0.8757640830230643,Excellent
431,02HB013,0.5372340792151313,0.5807535467753235,Good
432,02HB015,0.5180070864909672,0.7355068167070067,Good
433,02HB016,,,N/A
434,02HB018,0.7066486695564895,0.671636527847764,Good
435,02HB019,,,N/A
436,02HB020,0.5561304070727158,0.6396441761552505,Good
437,02HB021,0.547906540914729,0.6630609552513571,Good
438,02HB022,0.7365818242138085,0.7044371762520957,Good
439,02HB023,0.7477907718372154,0.6678413232063217,Good
440,02HB024,0.323898289698487,0.6307034218172629,Unsatisfactory
441,02HB025,0.732222337321338,0.7055994639033656,Good
442,02HB026,,,N/A
443,02HB027,0.60392345569687,0.6214535373562411,Good
444,02HB028,0.7257545859580697,0.8350092361899487,Good
445,02HB029,0.7009748720126355,0.5903043847986595,Good
446,02HB031,-0.724254812974779,0.29586013856000104,Negative
447,02HB032,0.20495634612587932,0.1965958822984204,Unsatisfactory
448,02HB033,0.26878539434119664,0.21554348360559594,Unsatisfactory
449,02HB034,0.8218270412953723,0.7806709948221491,Excellent
450,02HC002,,,N/A
451,02HC003,0.7481283774793417,0.668619357183835,Good
452,02HC004,,,N/A
453,02HC005,0.2708807503800452,0.41941699592004733,Unsatisfactory
454,02HC006,,,N/A
455,02HC007,,,N/A
456,02HC008,,,N/A
457,02HC009,0.6430118143326732,0.4910177997985491,Good
458,02HC010,,,N/A
459,02HC011,,,N/A
460,02HC012,,,N/A
461,02HC013,0.47081614280829065,0.36682700223193876,Good
462,02HC014,,,N/A
463,02HC015,,,N/A
464,02HC017,0.4964172532389932,0.6600129049611324,Good
465,02HC018,0.5614437066017923,0.4196749048781432,Good
466,02HC019,0.4988490144617298,0.4004588297663585,Good
467,02HC022,0.5894611767687694,0.4959382766460083,Good
468,02HC023,0.4504705171958616,0.3692250460300833,Good
469,02HC024,0.5928390712744749,0.6960952094136565,Good
470,02HC025,0.5662896006785605,0.47315839171343,Good
471,02HC026,,,N/A
472,02HC027,0.5209501891204691,0.5023656721232631,Good
473,02HC028,0.6400399630130215,0.5743659548402881,Good
474,02HC029,,,N/A
475,02HC030,0.6427683607710457,0.5833464871767224,Good
476,02HC031,0.6826646119254773,0.6268141061982846,Good
477,02HC032,0.636352551097582,0.5647572265654474,Good
478,02HC033,0.2748510103130516,0.2760573613423821,Unsatisfactory
479,02HC034,,,N/A
480,02HC035,,,N/A
481,02HC036,,,N/A
482,02HC037,,,N/A
483,02HC038,0.42996067595852194,0.37970798752140655,Good
484,02HC039,,,N/A
485,02HC040,,,N/A
486,02HC060,0.7380897417936427,0.5994252884309823,Good
487,02HC105,,,N/A
488,02HC106,,,N/A
489,02HC114,,,N/A
490,02HD001,,,N/A
491,02HD002,,,N/A
492,02HD003,0.11080913209303567,0.4808421804529912,Unsatisfactory
493,02HD004,0.08695348110493373,0.2085774966780798,Unsatisfactory
494,02HD006,0.3212009347777718,0.30125185436615864,Unsatisfactory
495,02HD007,,,N/A
496,02HD008,0.5944751230763885,0.554734620492211,Good
497,02HD009,0.4959947911692594,0.47282730485580116,Good
498,02HD010,0.6207135131137947,0.557341370808385,Good
499,02HD012,0.5366307516999054,0.47606179231027923,Good
500,02HD013,,,N/A
501,02HD014,,,N/A
502,02HD018,0.6197694140624949,0.6317265180775165,Good
503,02HD019,0.6403286701256357,0.6530956395584685,Good
504,02HD020,0.48182606200619393,0.7099160168587646,Good
505,02HD021,-0.5580142972907627,0.4280522027123016,Negative
506,02HD022,0.5593987364184982,0.518428507105505,Good
507,02HD023,0.434846035518761,0.4870339840483666,Good
508,02HD024,0.5537093281987617,0.494610410253864,Good
509,02HE001,,,N/A
510,02HE002,0.7685593777084334,0.697089019105597,Excellent
511,02HE003,,,N/A
512,02HE004,0.7457683377340079,0.6072426317580877,Good
513,02HF002,0.3997945192998884,0.6177031245352356,Good
514,02HF003,0.7926828688602585,0.7405630503337275,Excellent
515,02HF004,,,N/A
516,02HF005,0.695939217988455,0.7982189471050213,Good
517,02HG001,,,N/A
518,02HG002,0.6163057027372782,0.7400788456499003,Good
519,02HG003,0.5104759900449933,0.4400445796592436,Good
520,02HH001,,,N/A
521,02HH002,,,N/A
522,02HH003,0.5859488159028206,0.7919673054099758,Good
523,02HJ001,0.7837635427808126,0.6926893147931544,Excellent
524,02HJ002,,,N/A
525,02HJ003,0.41011705423667166,0.4185771552406674,Good
526,02HJ005,0.3580770693290768,0.2964174466707842,Unsatisfactory
527,02HJ006,0.7887759884721,0.7179700984156279,Excellent
528,02HJ007,0.5229961890485049,0.5901215796132926,Good
529,02HK002,,,N/A
530,02HK003,0.8468561532885049,0.8182827633433931,Excellent
531,02HK004,,,N/A
532,02HK005,0.8220740524951388,0.885280583981018,Excellent
533,02HK006,0.8295871104692017,0.8549401180140328,Excellent
534,02HK007,0.5837881947599824,0.5230444583248754,Good
535,02HK008,0.804485138994565,0.7930849210023265,Excellent
536,02HK009,0.6530430151399932,0.6290376601072777,Good
537,02HK010,,,N/A
538,02HK011,0.7357132256478955,0.622683334681644,Good
539,02HK012,,,N/A
540,02HK014,,,N/A
541,02HK015,0.4858835139005643,0.4302353353373052,Good
542,02HK016,0.5302335542096602,0.47292041339124935,Good
543,02HK017,0.6655085818998232,0.5823878081531231,Good
544,02HK802,,,N/A
545,02HK902,,,N/A
546,02HL001,0.8397710439081749,0.8979330781753495,Excellent
547,02HL003,0.7129652944980946,0.6052762200667434,Good
548,02HL004,0.8371606637911739,0.8244639228013846,Excellent
549,02HL005,0.7891777054061033,0.7861191140879974,Excellent
550,02HL006,,,N/A
551,02HL007,0.846575597152097,0.8131444707475722,Excellent
552,02HL008,0.8173257648083929,0.7522762753335723,Excellent
553,02HL101,,,N/A
554,02HL102,,,N/A
555,02HL103,,,N/A
556,02HL104,,,N/A
557,02HM001,,,N/A
558,02HM002,0.6833883653094823,0.6289247559963873,Good
559,02HM003,0.8918926976218453,0.8770545398433381,Excellent
560,02HM004,0.7907065248061417,0.6727539601367527,Excellent
561,02HM005,0.7886938610053665,0.6847817594199452,Excellent
562,02HM006,0.6503433789483557,0.6051807301394201,Good
563,02HM007,0.8359296052274016,0.7607771956682357,Excellent
564,02HM009,0.45392639981495675,0.3595015642848489,Good
565,02HM010,0.8659402439335729,0.8533110018874763,Excellent
566,02HM011,0.596875175108643,0.7856477648354318,Good
567,02MA001,0.1319729787030135,0.3945187698445055,Unsatisfactory
568,02MA002,,,N/A
569,03115973,0.14864768631961123,0.01847517229710227,Unsatisfactory
570,04014500,,,N/A
571,04015330,0.7639020924976617,0.7857206071626587,Excellent
572,04015500,,,N/A
573,04016000,,,N/A
574,04016500,,,N/A
575,04018750,,,N/A
576,04021520,0.5472173411073267,0.7073331929386995,Good
577,04024000,0.822459665986619,0.8529033003756338,Excellent
578,04024098,,,N/A
579,04024430,0.7841267965514023,0.8176593766179647,Excellent
580,04025500,0.8136005685203089,0.834111446158869,Excellent
581,04027000,0.7273598275784898,0.6782387487011547,Good
582,04027500,0.6991358620638548,0.7174249794151006,Good
583,04029990,0.5527989001398479,0.5118382239522015,Good
584,04031000,0.4063862350092269,0.25600855300891434,Good
585,04031500,,,N/A
586,04032000,0.4528304439627263,0.49010587640913184,Good
587,04033000,0.5365802158129155,0.4122275377482205,Good
588,04034500,,,N/A
589,04035500,,,N/A
590,04036000,0.7198785962322529,0.6366937639529582,Good
591,04037500,0.4005437240930906,0.6210403744748674,Good
592,04039500,0.8273411044601682,0.5238331937252677,Excellent
593,04040000,0.8245873465086677,0.75761927450069,Excellent
594,04040500,0.8122236458585669,0.8589346246268899,Excellent
595,04041500,0.7947657707244248,0.8648376190128911,Excellent
596,04043050,0.8193374590941094,0.8046411584103167,Excellent
597,04043140,0.8788188289927686,0.931467594186463,Excellent
598,04043150,0.7368143748960735,0.6351478636909793,Good
599,04043238,0.5752260516298204,0.7665700393675754,Good
600,04043244,0.6959547140996514,0.7092528130701465,Good
601,04043275,0.8548186698525002,0.7975288728683037,Excellent
602,04044400,,,N/A
603,04044724,0.6072845585012046,0.7980827917504358,Good
604,04045500,0.8675475053797184,0.9069851880909084,Excellent
605,04046000,0.7942921092994536,0.8149480843401167,Excellent
606,04056500,0.8076290383937982,0.8963800076506881,Excellent
607,04057000,,,N/A
608,04057510,0.7307196103662321,0.8553191952517419,Good
609,04057800,0.7914404525810795,0.7997533993670899,Excellent
610,04058100,0.5852447503730275,0.4408721303312727,Good
611,04058200,0.46063669294262777,0.3793064902098289,Good
612,04058500,,,N/A
613,04059000,0.7890864325181244,0.8924405584885802,Excellent
614,04059500,0.8123095552443005,0.776183959797579,Excellent
615,04060500,0.201433628844081,0.13910634852771753,Unsatisfactory
616,04060993,0.5188503889298366,0.5369186875309037,Good
617,04061000,,,N/A
618,04061500,,,N/A
619,04062000,0.2563609001598095,0.1625714727550892,Unsatisfactory
620,04062011,0.42227592722253604,0.39551239002204586,Good
621,04062200,,,N/A
622,04062500,0.3864594588380952,0.4552025792788742,Good
623,04063000,0.5794834408640899,0.6014378437045622,Good
624,04063500,0.8246553726211228,0.8688373513018472,Excellent
625,04063700,0.72575845699937,0.6528559731994168,Good
626,04064500,0.7379750114146313,0.707416244465114,Good
627,04065106,0.6668011260811322,0.6942949128729372,Good
628,04065300,,,N/A
629,04065500,,,N/A
630,04065722,0.7045796722173965,0.7255291702993216,Good
631,04066003,0.7124651240436051,0.6760067076782197,Good
632,04066030,0.7270605042700665,0.7083041446437954,Good
633,04066500,0.7382039703606712,0.762603334162836,Good
634,04066800,0.06731947556200446,0.2518725209698365,Unsatisfactory
635,04067000,,,N/A
636,04067500,0.5909002406265356,0.5610002665751151,Good
637,04067958,0.7021174648859796,0.6711010567607197,Good
638,04069416,0.7700034994546805,0.8243621723858412,Excellent
639,04069500,0.7901773829780542,0.8448855641995395,Excellent
640,04071000,0.7844877725355266,0.8400715460861167,Excellent
641,04071765,0.5675891330330585,0.4719837309565408,Good
642,04071858,,,N/A
643,04072150,0.1302407517808274,0.4419354029869197,Unsatisfactory
644,04072845,,,N/A
645,04073462,0.08438243833828563,0.11973476308849862,Unsatisfactory
646,04073500,0.7931398640207457,0.8682105152384497,Excellent
647,04073970,,,N/A
648,04074538,,,N/A
649,04074548,,,N/A
650,04074950,0.6699348072031746,0.6916759853890972,Good
651,04077400,,,N/A
652,04077630,0.7515408745529866,0.7787239888064973,Excellent
653,04078500,0.6118033799025553,0.5054141787258631,Good
654,04079000,0.7704802035960119,0.8091528233394467,Excellent
655,04080000,0.2068363665708287,0.2607132119141574,Unsatisfactory
656,04081000,-0.0004021383933741074,0.31330162641967185,Negative
657,04082400,0.6162637195593227,0.7344285488012923,Good
658,04084500,0.6146838946032442,0.6024396000972303,Good
659,04085119,,,N/A
660,040851325,0.436948275616585,0.23265304390688968,Good
661,04085200,0.5684319136556553,0.5172564226733141,Good
662,04085281,,,N/A
663,04085427,0.7326309661360986,0.7641654182132613,Good
664,04086000,0.6425655467021376,0.6144481836919709,Good
665,04086500,0.6870752051998394,0.544528584287047,Good
666,04086600,0.7622683863246487,0.7578671131519218,Excellent
667,04087000,0.7716078742725253,0.7398776384654785,Excellent
668,04087030,0.6833903342007767,0.6582496065802024,Good
669,04087050,0.291538641864844,0.1756244161825522,Unsatisfactory
670,04087070,0.3311899417917975,0.17710983569090033,Unsatisfactory
671,04087088,0.5666416339599796,0.4385917610018303,Good
672,04087119,0.15050185804851968,0.026169978922930826,Unsatisfactory
673,04087120,0.7172570784386942,0.6999055829016112,Good
674,040871488,0.5066847349148709,0.5343483070896379,Good
675,04087159,0.5094598096321283,0.40598363279351224,Good
676,04087204,0.7510780005661448,0.6740193623497674,Excellent
677,04087214,0.7132758156961387,0.6169737122460913,Good
678,04087220,0.7928585128307132,0.7837097488076641,Excellent
679,04087240,0.8032860364996185,0.8362230482519778,Excellent
680,04087257,0.6992240868912036,0.6102677817460351,Good
681,04093000,0.7669782392196,0.6346708215923318,Excellent
682,04094000,0.7612107268106398,0.7008572583240549,Excellent
683,04094500,,,N/A
684,04095300,0.5262638513009084,0.3847278136665282,Good
685,04095380,0.5024778109970706,0.4247930694104539,Good
686,04096015,0.4943136082578269,0.7242343028009137,Good
687,04096100,,,N/A
688,04096400,,,N/A
689,04096405,0.8443819921465782,0.9107556101455199,Excellent
690,04096515,0.8194348075484468,0.8230217976204715,Excellent
691,04096600,,,N/A
692,04096900,,,N/A
693,04097500,0.7749093802912241,0.7471010835526553,Excellent
694,04097540,0.8060957373027163,0.8352776575904995,Excellent
695,04099000,0.8387024770619969,0.8869298003371386,Excellent
696,04099510,0.8497328188284866,0.8854532832009091,Excellent
697,04099750,0.8238330856481396,0.8692333588067246,Excellent
698,04099808,,,N/A
699,04099850,,,N/A
700,04100222,0.7269399742468471,0.860576538163922,Good
701,04100252,,,N/A
702,04100295,,,N/A
703,04100500,0.84358433864111,0.9134443486944406,Excellent
704,04101000,0.8675243784386366,0.9335720620621566,Excellent
705,04101370,0.555136872803994,0.554725215080522,Good
706,04101500,0.8658815334177782,0.9180490815058844,Excellent
707,04101800,0.8315815983672394,0.8954509760990458,Excellent
708,04102500,0.7282980976299566,0.8143712773104508,Good
709,04102700,0.833938439301299,0.8383776325955057,Excellent
710,04103010,,,N/A
711,04103500,0.4058644749631698,0.6787320417595518,Good
712,04104945,0.736738464560025,0.6667021160447457,Good
713,04105000,0.7584072089328185,0.7062571970007858,Excellent
714,04105500,0.825091535416509,0.8142210535242378,Excellent
715,04105700,0.7499266500516322,0.8182576567568817,Good
716,04106000,0.7887511734062609,0.8364331206626199,Excellent
717,04106180,,,N/A
718,04106300,,,N/A
719,04106400,-0.09216639538551474,0.3965082371529125,Negative
720,04108500,,,N/A
721,04108600,0.7988273616605858,0.6586337957795763,Excellent
722,04108670,,,N/A
723,04108800,0.5866316034183339,0.7782704402599312,Good
724,04108801,,,N/A
725,04109000,0.7782072055492567,0.8171838331488035,Excellent
726,04111000,0.42632449629510416,0.531364520267301,Good
727,04111379,0.14532787384887857,0.14418527557574135,Unsatisfactory
728,04111500,,,N/A
729,04112000,0.7040967824560259,0.627129225426319,Good
730,04112500,0.8133118873407158,0.7954625951671378,Excellent
731,04113000,0.84883737995294,0.8248249277126143,Excellent
732,04114000,0.8368034733482587,0.7671537817305056,Excellent
733,04114498,0.43796920705381825,0.6044375552571332,Good
734,04114500,,,N/A
735,04115000,0.7382231915227483,0.6840953856441239,Good
736,04115265,0.7220538897881585,0.7951197212842217,Good
737,04116000,0.8779268271617469,0.8406589708186969,Excellent
738,04116500,,,N/A
739,04117000,0.6100595890449403,0.6752160406764244,Good
740,04117500,0.8157212970017578,0.7666182122457448,Excellent
741,04118000,,,N/A
742,04118500,0.78307309192389,0.6957383493436928,Excellent
743,04119000,0.8715634323375709,0.8481355865240743,Excellent
744,04121300,0.8065002587147092,0.8911067303968411,Excellent
745,04121500,0.8605731272076972,0.9112706078299742,Excellent
746,04121900,,,N/A
747,04121944,0.7860944312221773,0.8361915759772943,Excellent
748,04121970,0.8438193023499974,0.8611563661737094,Excellent
749,04122000,,,N/A
750,04122100,0.755512445822867,0.7299030891672083,Excellent
751,04122200,0.8224475460363585,0.8371484510544372,Excellent
752,04122500,0.7604348457618024,0.8758977717142953,Excellent
753,04123500,-10.702620297262817,-0.4477188854178029,Negative
754,04124000,0.6171624854186919,0.8358563744192595,Good
755,04124200,0.7667657207005059,0.8902342482493873,Excellent
756,04124500,0.7900100444298475,0.7144085050852909,Excellent
757,04125460,0.47043290403324545,0.4421273013726157,Good
758,04125500,,,N/A
759,04125550,0.6461236763476624,0.8592346531782278,Good
760,04126000,,,N/A
761,04126740,-0.31225390479558146,0.5814949522140075,Negative
762,04126970,0.7355255497077485,0.8237286300997569,Good
763,04127000,,,N/A
764,04127800,0.3579540922496097,0.7435275290099783,Unsatisfactory
765,04127918,,,N/A
766,04127997,0.6965439899019241,0.7926425521142282,Good
767,04128000,,,N/A
768,04128990,0.6514255035887637,0.6981368234642025,Good
769,04129000,,,N/A
770,04129500,,,N/A
771,04130000,,,N/A
772,04130500,,,N/A
773,04133500,,,N/A
774,04133501,0.027573903655337628,0.15208373506257344,Unsatisfactory
775,04134000,,,N/A
776,04135500,,,N/A
777,04135600,,,N/A
778,04135700,0.8363880327412856,0.9024487759574815,Excellent
779,04136000,0.7837036261365802,0.8334401678893943,Excellent
780,04136500,0.825347113747815,0.8204906230048282,Excellent
781,04136900,0.7915169519352383,0.8313571434535016,Excellent
782,04137005,0.8132963648904673,0.842851794636194,Excellent
783,04137500,0.7899527492060093,0.8211618469025164,Excellent
784,04138500,,,N/A
785,04140500,,,N/A
786,04142000,0.7857540014483473,0.8469298790759027,Excellent
787,04143500,,,N/A
788,04143900,,,N/A
789,04144000,,,N/A
790,04146000,0.6679818205032818,0.6841587549552675,Good
791,04146063,0.7609667665132582,0.7862098293618214,Excellent
792,04147500,0.6568778308013774,0.6305243438314756,Good
793,04148140,0.790126926342364,0.7376983392484857,Excellent
794,04148500,0.8197782745093255,0.7987015985964749,Excellent
795,04150000,,,N/A
796,04150800,,,N/A
797,04151500,0.7807136372136093,0.7604601057415276,Excellent
798,04152238,0.6830038795390591,0.6310575110171187,Good
799,04152500,-0.2630812885251157,-0.38898869943910164,Negative
800,04153500,0.47015262144379877,0.5296779274366052,Good
801,04154000,0.8329150351373585,0.9159819114048426,Excellent
802,04155000,,,N/A
803,04155500,0.7387723512817278,0.8417986640148258,Good
804,04156000,0.7729080228100822,0.7199446392612636,Excellent
805,04158500,,,N/A
806,04159492,0.7508011928773635,0.8385707430211761,Excellent
807,04159500,,,N/A
808,04159900,0.6849553676577462,0.7095250483274678,Good
809,04160600,0.727793538739162,0.7423431250303363,Good
810,04160800,,,N/A
811,04160900,,,N/A
812,04161000,0.185118992287712,0.3366785585812996,Unsatisfactory
813,04161100,,,N/A
814,04161500,,,N/A
815,04161540,0.7613030819761251,0.7581837166710915,Excellent
816,04161580,0.5925705733328948,0.5974893329417181,Good
817,04161800,0.4409061352586139,0.5743875412450536,Good
818,04161820,0.492217394135924,0.4741790351352384,Good
819,04162900,,,N/A
820,04163400,0.7413137190509269,0.7263384673754785,Good
821,04164000,0.7916554997377059,0.8638430811962644,Excellent
822,04164100,0.5885722885519167,0.7921704204729307,Good
823,04164300,0.5971237208131446,0.44678737949098424,Good
824,04164500,0.7448046087470728,0.6681408822745944,Good
825,04165500,0.8133956205934676,0.8008271404186766,Excellent
826,04166000,0.7780598868781066,0.7752478036832235,Excellent
827,04166100,0.7925274432103752,0.6927104285051138,Excellent
828,04166300,0.7246972076309022,0.5861056307200634,Good
829,04166500,0.7259280869896167,0.6868361810958139,Good
830,04167000,0.6905383876096078,0.7997668300925969,Good
831,04168000,0.7496105325163538,0.6978449266847451,Good
832,04168580,0.68401996613985,0.8071947402375772,Good
833,04170000,0.6726592723421121,0.7875608939623594,Good
834,04170500,0.6862067619336022,0.8434224639168971,Good
835,04172000,0.7692936979365362,0.8398897329020419,Excellent
836,04173500,0.3818672706617756,0.4334375207030189,Good
837,04174500,0.8289936786009036,0.8606673185534013,Excellent
838,04174518,0.6228683615900623,0.5295299143872154,Good
839,04175600,0.860709331552266,0.8848697874293583,Excellent
840,04176000,0.8598562906771502,0.8819030357122355,Excellent
841,04176500,0.8620041271684972,0.85534507778754,Excellent
842,04176605,,,N/A
843,04177000,0.7096900791276746,0.806466340875063,Good
844,04177720,0.7530179099386121,0.7472634153630713,Excellent
845,04178000,0.8323663223361465,0.9108632455863871,Excellent
846,04179000,,,N/A
847,04179520,0.7350060672338627,0.8421533527989408,Good
848,04180000,0.8414920861613397,0.9061792918843589,Excellent
849,04180500,0.8498099518138719,0.9114449380989706,Excellent
850,04180988,0.7092635343052407,0.842302059721123,Good
851,04181500,0.8130793253210011,0.8761207625037958,Excellent
852,04182000,0.8026426390730506,0.8416970379696025,Excellent
853,04182950,0.8694622434238259,0.9206683879948887,Excellent
854,04183000,0.8718588385895352,0.9277595078227525,Excellent
855,04183500,-1.790109882831993,-0.9473430355593513,Negative
856,04184500,0.6049250850442909,0.4781710713876035,Good
857,04185000,0.8057633463552191,0.8772192003701866,Excellent
858,04185440,0.3689222787143681,0.25428166234507743,Good
859,04186500,0.783622339428952,0.7267142157823088,Excellent
860,04187500,,,N/A
861,04188337,0.7243519146827181,0.6397281826868011,Good
862,04188400,0.7404677751843346,0.6721728021982702,Good
863,04188433,0.5132905457357662,0.2886923730202927,Good
864,04188496,0.6297056456325727,0.3589033128171917,Good
865,04189000,0.7861815853210028,0.6706324979221145,Excellent
866,04192500,0.8976670749809245,0.8707091232746536,Excellent
867,04193500,0.8897951272299889,0.8631791635394859,Excellent
868,04195500,0.751472460614494,0.7868981896793097,Excellent
869,04195820,0.7720080844580437,0.8408463114097591,Excellent
870,04196000,0.19243383896712973,0.030837890700222026,Unsatisfactory
871,04196500,0.09436840369759336,-0.06056587367197763,Unsatisfactory
872,04196800,0.7531302246763915,0.6071566171202533,Excellent
873,04197000,,,N/A
874,04197100,0.755701350125793,0.7801873974133564,Excellent
875,04197170,0.7089058816185865,0.5911214050539901,Good
876,04198000,0.8142549155388663,0.8869094698260953,Excellent
877,04199000,0.6720757855845159,0.7025782275787262,Good
878,04199155,0.6707326079434097,0.6872412490528763,Good
879,04199500,0.10830897697466013,0.009662490554699699,Unsatisfactory
880,04200500,0.7464370108785642,0.7713873878946609,Good
881,04201500,0.7549580615179289,0.6508026537879315,Excellent
882,04202000,0.7387316470825644,0.8528737036815555,Good
883,04206000,0.8324598480592148,0.8841401793879555,Excellent
884,04206043,0.5539063870264258,0.4002701650563598,Good
885,04206212,0.06762291205022464,-0.07198691243164368,Unsatisfactory
886,04206220,-0.003010929347920799,-0.03949755566272417,Negative
887,04207200,0.7532791987391724,0.7677056644564509,Excellent
888,04208000,0.8307006149289397,0.8157167045143853,Excellent
889,04208460,0.44547478946993113,0.3369527519921882,Good
890,04208504,0.7826976476839814,0.6826349922272119,Excellent
891,04209000,0.5642539814939569,0.7473978735956281,Good
892,04212100,0.7633926732883994,0.8656054592839095,Excellent
893,04212500,,,N/A
894,04213000,0.731041398466661,0.7039372247458016,Good
895,04213040,,,N/A
896,04213075,0.5011529524181905,0.5473203950774284,Good
897,04213500,0.8175624414937772,0.8268619037119547,Excellent
898,04214500,0.3642079740350639,0.3803070361432771,Good
899,04215000,0.6753907121919474,0.7834164925060008,Good
900,04215500,0.7626897221528939,0.8818172601749897,Excellent
901,04216200,,,N/A
902,04216418,0.6633791713963857,0.7993987313787407,Good
903,04216500,,,N/A
904,04217000,0.6947763314428854,0.8408449866444812,Good
905,04217500,,,N/A
906,04218000,0.7633379608812262,0.8756672189049063,Excellent
907,04218518,0.7554651805302788,0.7256948986471636,Excellent
908,04220250,,,N/A
909,0422026250,0.39586013203497594,0.4032741248610491,Good
910,04221000,0.6966847759376406,0.8002409755053919,Good
911,04223000,0.8002941097436848,0.7838815610231563,Excellent
912,04224775,0.716813243754232,0.7776551068115787,Good
913,04227000,0.4925945527897627,0.750245747482032,Good
914,04227500,0.7210014990536897,0.7897965034890999,Good
915,04227995,0.32142613333431524,0.2444172704078208,Unsatisfactory
916,04228500,0.7696706437947932,0.8438943480092428,Excellent
917,04229500,0.6694741088478527,0.6297095745732572,Good
918,04230380,0.6884925786771057,0.7854358979262508,Good
919,04230500,0.8114365153140294,0.8823027954160015,Excellent
920,04231000,0.7757689511464674,0.7804860157746594,Excellent
921,04231600,0.8156881715265362,0.8531716983198604,Excellent
922,04232000,,,N/A
923,04232034,0.43497568917391094,0.5724986719263405,Good
924,04232050,0.531283705640816,0.7190074197633238,Good
925,0423205010,0.6765777637584567,0.7566055361755686,Good
926,04232482,0.46403271383118627,0.5121994854037134,Good
927,04233000,,,N/A
928,04233286,0.6182659451744077,0.7013859598404429,Good
929,04233300,0.60614926984373,0.738250437611661,Good
930,04234000,0.7402825026446921,0.8203269557574737,Good
931,0423401815,0.3315796683208163,0.2812189305450451,Unsatisfactory
932,04235250,0.5421128218764539,0.4285198797625065,Good
933,04235500,,,N/A
934,04237500,0.6638470579528979,0.8054467217445846,Good
935,04237962,0.5700828307739285,0.7712930131513982,Good
936,04239000,0.6846518890270807,0.8341559256274382,Good
937,04240010,0.7844045169515583,0.8909100836878612,Excellent
938,04240100,0.5630920778404191,0.5440728205467477,Good
939,04240120,0.7179182960373998,0.7427147740517088,Good
940,04240180,0.49940080932564057,0.5787030398440314,Good
941,04240200,,,N/A
942,04240300,0.7738785595495156,0.8028536686493292,Excellent
943,04240503,,,N/A
944,04242500,0.42964978884983196,0.3479402016337908,Good
945,04243500,0.7037122540042946,0.7913892320430156,Good
946,04245000,,,N/A
947,04245200,,,N/A
948,04246500,,,N/A
949,04247000,0.667850325002416,0.8257084004576578,Good
950,04249000,0.7605677639548664,0.778504090661175,Excellent
951,04250200,0.6164413348891005,0.7512174469980877,Good
952,04250750,0.7535431600760305,0.7345299165233617,Excellent
953,04252500,0.7766539580895635,0.8375130742186166,Excellent
954,04256000,0.7320303952529557,0.742844481404689,Good
955,04257000,,,N/A
956,04258000,0.45903089526810115,0.5243998566156872,Good
957,04260500,0.8263433611615326,0.9079971600610455,Excellent
958,04263000,0.8200728809843683,0.8506775830626926,Excellent
959,05535070,0.7563690778477159,0.6504634820171995,Excellent
