basin_id,NSE,KGE,num_observation,Performance
02AC001,0.129303190815549,0.2741870016550407,3652,Unsatisfactory
02AB019,0.1187157949536767,0.320396486793882,3561,Unsatisfactory
02ED017,0.0808727974256189,0.4847860340917528,3652,Unsatisfactory
02FA001,0.5293203571466315,0.7389620268841615,3652,Good
02ED031,0.0535304357194343,0.0810328750612182,3652,Unsatisfactory
02FD001,0.3563090425458215,0.6324586430255166,2480,Unsatisfactory
02GC022,-0.2192144736864765,0.3435728552432318,3652,Negative
02GC036,-0.277312255339599,0.2293558595835145,3652,Negative
02HM005,0.4596483549514667,0.5738469664258197,3629,Good
02HM003,0.6981308108192732,0.7342386301974618,3652,Good
02HD018,0.1088112705220001,0.4097593925630076,3652,Unsatisfactory
02HD019,0.2585911058937277,0.4929464864948338,3652,Unsatisfactory
02HC030,0.038336071587895,0.0435435027741035,3652,Unsatisfactory
02HB030,-1.3344970429094452,0.0663126669025523,3652,Negative
02HB027,0.0546626023141491,0.0154186199419271,3652,Unsatisfactory
02HA014,-0.1276635564466151,-0.1763527415136967,3652,Negative
02CG003,-1.2667068874914191,-0.0190652890552602,3652,Negative
02GA041,0.1530201113282849,0.1532968145792177,3652,Unsatisfactory
02GA014,0.2413702770366028,0.2917264668770315,3652,Unsatisfactory
02GA042,-0.0571904433262171,0.0622751003387087,3652,Negative
02GA039,0.0500216742548157,0.1167989443867619,3458,Unsatisfactory
02GA016,0.2012368276549117,0.3256157905145224,3652,Unsatisfactory
02GA005,0.1156615916311458,0.1456805720039795,3652,Unsatisfactory
02GA040,0.251801473120754,0.5137757360476771,3652,Unsatisfactory
02GA028,0.1028171854752333,0.233199282623021,3652,Unsatisfactory
02GA031,-0.3047245478235068,0.3768502171148139,3652,Negative
02GA023,0.097084707591953,0.331241964894902,3652,Unsatisfactory
02GA034,0.2863924365100488,0.4140781360974617,3652,Unsatisfactory
02GA049,0.0518614950166356,0.0202338216950399,1418,Unsatisfactory
02GA029,0.1063992812208323,0.5312969250843035,3652,Unsatisfactory
02GA015,0.1140529655458331,0.5164693892177352,3652,Unsatisfactory
02GA006,0.1414513873670786,0.3036878049263689,3652,Unsatisfactory
02GA024,-0.5431739276599357,0.0037040213705694,3652,Negative
02GA038,0.1060487536238453,0.2420055920917736,3652,Unsatisfactory
02GA047,0.106808738460179,0.5524059635685501,3652,Unsatisfactory
02GA048,0.2180163443843503,0.4032314877880558,3652,Unsatisfactory
02GD014,0.1360514563949345,0.2792149869925774,3638,Unsatisfactory
02GA030,-2.704918262103956,-1.2871470891146473,3652,Negative
02GD026,0.1093250003901811,0.3291007665974238,3651,Unsatisfactory
02GA018,0.0309776981176778,0.2245089299458306,3652,Unsatisfactory
02GA003,0.2556824458567769,0.5034476852124483,3652,Unsatisfactory
02GA043,-2.0527780273057648,-0.0543398962787111,3652,Negative
02GD018,0.079934909253401,0.2775252363712726,3652,Unsatisfactory
02GD019,-0.0580788352759826,0.1593692588862727,3652,Negative
02GD009,-0.4282879342914865,0.3968063194266483,3652,Negative
02GD005,0.145357902450921,0.3169139409875258,3652,Unsatisfactory
02GD021,0.1085360539870199,0.1439908569418811,3652,Unsatisfactory
02GD010,0.083437144437259,0.3111350604595559,3652,Unsatisfactory
02GA010,0.0569926007464476,0.38335574183636,3652,Unsatisfactory
02GB006,0.2438436250954437,0.448316492065166,3652,Unsatisfactory
02GB007,-0.4586849012208889,0.3135750196815963,1094,Negative
02GB008,0.2279861786257903,0.5154641046892157,3652,Unsatisfactory
02GB001,0.1863136089376612,0.5207377033277505,3652,Unsatisfactory
02GD022,-0.3584911172808889,0.0881999063334664,2646,Negative
02GD011,-0.0662046327125649,0.3827324095110095,3652,Negative
02GD015,0.1157902358059845,0.2822928067004402,3652,Unsatisfactory
02GD004,0.1088325767157788,0.275613945334375,3652,Unsatisfactory
02GD016,0.0851999817287645,0.4678216266270508,3652,Unsatisfactory
02GD003,0.2590053018584919,0.480433315998463,3652,Unsatisfactory
02GD028,-0.0366409545757966,-0.0255804145775013,3636,Negative
02GC011,0.1067039832055506,0.4112969053986702,3652,Unsatisfactory
02GD008,0.0570345467265849,0.217585544009776,3652,Unsatisfactory
02GC037,-0.1757673555801304,0.2674797228991008,1665,Negative
02GC017,-0.0659909019429205,0.3532146379880189,3652,Negative
02GD027,0.0404595192809029,0.3731661761325794,3652,Unsatisfactory
02GD001,0.1176799713505427,0.4278282425775963,3652,Unsatisfactory
02GE002,0.2238194956660824,0.465694828905023,3652,Unsatisfactory
02GE008,0.0178410575278014,0.1905313435042755,3652,Unsatisfactory
02GG005,0.0603888058486736,0.3226256825956349,3652,Unsatisfactory
02GE005,-0.271861375074339,0.0110513513760343,3652,Negative
02GC010,-0.0321161685650113,0.3529129037711628,3652,Negative
02GC008,-1.730793445628847,0.0186826799712057,3652,Negative
02GG006,0.310460409711038,0.2422441293840567,3652,Unsatisfactory
02GC029,-0.4591743964460619,0.3267168671913403,3652,Negative
02GC031,-0.3014659285644121,0.3085349974661463,3652,Negative
02GC030,-0.1077685054559411,0.0958081737727655,3652,Negative
02GC002,-0.2114030053030315,0.3602443571743225,3652,Negative
02GG002,0.0634615062431607,0.3494163525481847,3652,Unsatisfactory
02GG009,0.3360554189444016,0.283623769166041,3652,Unsatisfactory
02GC018,-0.0707327263718193,0.0681395500343315,3652,Negative
02GG013,0.1164252177544192,-0.0317766944986481,3628,Unsatisfactory
02GC038,-1.211034085262826,0.0321499117036787,1461,Negative
02GE006,0.2514205980756484,0.5044853950435566,3652,Unsatisfactory
02GC026,0.0229860645485894,0.4306968633825454,3652,Unsatisfactory
02GC007,-0.2539209361815844,0.4086458942249279,3652,Negative
02GC021,-5.246566889322435,-0.7537219907162984,3634,Negative
02GG003,0.1180553886662244,0.4001619792846305,3652,Unsatisfactory
02GE003,0.2402839255415192,0.496864943328385,3652,Unsatisfactory
02GE007,-0.1462120511154532,0.0911369857667629,3652,Negative
02GH011,-1.5113996566214891,0.0850217203322136,2247,Negative
02GH002,-0.1511577018571241,0.4866676280570458,3652,Negative
02GE009,0.0202432727592684,-0.0402105126076965,365,Unsatisfactory
02GH003,0.2692655537719018,0.2643625793841027,3011,Unsatisfactory
02DC012,0.6829850451071182,0.6618030426264804,3652,Good
02CB003,0.5345773097810766,0.758799399169354,3652,Good
02CF014,0.7213491926042921,0.7483885908630166,3652,Good
02CF011,0.6662110230109339,0.7061471205099714,3652,Good
02DC004,0.6049616775683605,0.6404844997405743,3652,Good
02CF013,0.1504367558462158,0.4118821487443065,3652,Unsatisfactory
02CF008,0.4218349760926311,0.4752933588718481,3652,Good
02CF007,0.3940332448053361,0.4357449951036626,3652,Good
02CF010,0.4755779264075428,0.465435499037875,3652,Good
02CC010,0.5691980316741148,0.608729971781268,3652,Good
02CA002,-0.2446757191324988,0.279245591238802,3652,Negative
02DB007,0.0990834241469226,0.3460025107724261,3041,Unsatisfactory
02DC013,0.210576158673896,0.2889640939893049,3652,Unsatisfactory
02CF005,0.45052733189373,0.447046394465287,1277,Good
02DD012,0.3650433182008751,0.2856605965181162,3652,Good
02CA007,0.3114422657055876,0.1892363297592226,3652,Unsatisfactory
02CF012,0.2203340817292095,0.2703214900122431,3652,Unsatisfactory
02CE007,-55.35907833511144,-8.04268778996566,2054,Negative
02DB005,0.1034488664727625,0.3906417995161997,3652,Unsatisfactory
02DD013,0.0794833194567224,0.2252890183749681,3652,Unsatisfactory
02CC005,0.5748895615290894,0.5251452987259331,3652,Good
02DD024,0.588623322043235,0.6181977279120852,3652,Good
02CE002,0.4967635819398518,0.5406677937912429,3652,Good
02DD017,-1.0483506599987489,-0.6095035843265637,3652,Negative
02CD001,0.0424621894657885,0.0980116304291602,3652,Unsatisfactory
02DD020,-1.5531275964913438,-0.5917015554742562,3652,Negative
02DD016,-0.8051104065054295,-0.017011742260844,196,Negative
02DD026,-2.60725608738581,-0.5653173821466786,3652,Negative
02DD010,-2.645837831679415,-0.5270917632747907,3652,Negative
02DD015,0.5076439324272437,0.5944326458622029,3652,Good
02EA011,0.6752807912283908,0.6623462673503049,3652,Good
02EA010,0.5056185252002836,0.6031425506772858,3651,Good
02EA005,0.6132028127353221,0.590152973934716,3652,Good
02EA018,0.6823265828150133,0.7231776671747309,3652,Good
02EA021,0.5035095636469014,0.5119373799729149,3594,Good
02EB013,0.5474468247290198,0.659572194639547,3652,Good
02EB014,0.6339647215112012,0.6687481203792962,3652,Good
02EB004,0.4898811495441229,0.5759829485480771,3652,Good
02EB008,0.2660616353006562,0.3206552402490737,3652,Unsatisfactory
02EB011,-0.1463383338271233,-0.3284648363824665,3652,Negative
02EB012,-4.723273370759572,-0.4957835027366082,3652,Negative
02EC019,0.1849659274227135,0.1381200958171418,3652,Unsatisfactory
02FA002,0.3391788280744446,0.5140747114791532,3652,Unsatisfactory
02ED024,0.3356124211218285,0.3046230148495781,3652,Unsatisfactory
02EC022,-0.1644292618753722,0.041231647952026,3091,Negative
02EC002,0.0739711274393926,0.127833171496508,3652,Unsatisfactory
02ED007,-0.3321902293438474,0.4242649642435226,3652,Negative
02ED013,0.2906745765962308,0.4299579554003181,3652,Unsatisfactory
02ED030,-0.5586834210892111,0.3599155338483544,3652,Negative
02FB010,0.317977964345294,0.5397213162779517,3652,Unsatisfactory
02FB009,0.564181284216594,0.7576757528452813,3652,Good
02ED027,0.5733427025381113,0.7403093102134355,3652,Good
02FA004,0.3412621053753027,0.487222388688722,3652,Unsatisfactory
02FB007,0.4376176019711647,0.6647348050068669,3652,Good
02EC011,0.2814780230845038,0.2956905500630468,3652,Unsatisfactory
02FB014,-0.3776195807227906,0.4056758508892579,3652,Negative
02FB012,0.2295361237582611,0.5633636046352474,3652,Unsatisfactory
02ED032,0.1657666523085007,0.585794537644146,3652,Unsatisfactory
02FC001,0.4064693841963324,0.6285749811903336,3652,Good
02FB013,0.4952076498714137,0.7328061792969855,3652,Good
02EC018,0.1623402879050482,0.515606848528408,3652,Unsatisfactory
02ED015,0.3832665669495431,0.413655624265706,3652,Good
02EC008,0.2571547821257985,0.4196517119316171,3652,Unsatisfactory
02ED003,0.4309085981983128,0.627844459856205,3652,Good
02FC015,0.4139538837122777,0.6432183092553458,3652,Good
02ED014,0.3257114309011425,0.6227615690962831,1459,Unsatisfactory
02EC021,-2.2425992548121623,-0.0464637188225247,3651,Negative
02ED102,0.3890961623743638,0.6171199880057029,3652,Good
02FC016,0.3882270945383329,0.6080134727481181,3652,Good
02ED029,0.2030043347744087,0.4308515249617215,3652,Unsatisfactory
02EC009,-0.0325176276525562,0.4475910654333834,3652,Negative
02FC021,-0.9898712451325892,0.2114717978243566,3652,Negative
02ED101,0.3622656624328307,0.5661711814997645,3652,Good
02FD003,0.1269499120073881,0.5822058117231376,3652,Unsatisfactory
02FC002,0.3546170679253667,0.6522606648191318,3638,Unsatisfactory
02FC011,0.2264959937856516,0.4074033416582036,3652,Unsatisfactory
02ED100,0.1570253051059442,0.3936582045098201,3652,Unsatisfactory
02FC012,0.3090362094830062,0.4604386858213243,3652,Unsatisfactory
02FC017,-0.0283449482606874,0.4398943382465072,3652,Negative
02EC010,0.2104317863843723,0.2044891280847793,3652,Unsatisfactory
02ED026,0.3121089889691738,0.4980754459975719,3652,Unsatisfactory
02FC020,0.2400241352170309,0.5520709138808833,3652,Unsatisfactory
02FD002,-0.4577282801820299,0.3233347597900157,3652,Negative
02FE011,0.2157142874408488,0.4242782227845074,3652,Unsatisfactory
02FE017,0.0945844587276697,0.4828956161369296,3652,Unsatisfactory
02FE018,-0.0179168172889181,0.428177528937138,730,Negative
02FE005,0.1966500866060033,0.3624156104927123,3652,Unsatisfactory
02FE002,0.3014793001714251,0.4571707473636185,3652,Unsatisfactory
02FE007,0.2406202700067868,0.4427520029457233,3652,Unsatisfactory
02FE008,0.2490627816100502,0.4079429208791025,3652,Unsatisfactory
02FE014,0.0549286756742064,0.3014555467787482,3652,Unsatisfactory
02FE003,0.1387577495404551,0.3572178370227995,3652,Unsatisfactory
02FE013,0.3029870789909903,0.4292466025917754,3652,Unsatisfactory
02FE015,0.2512812014474334,0.4452930807993125,3652,Unsatisfactory
02FE010,0.2948220892438753,0.3367595049962617,2646,Unsatisfactory
02FE009,0.209070145255488,0.3359062329518191,3652,Unsatisfactory
02FF015,-0.3410062311962951,0.3805594709136221,3651,Negative
02FE016,0.0832571252681804,0.0864964143121501,3652,Unsatisfactory
02FF007,0.1696605314343519,0.3642772490502963,3652,Unsatisfactory
02FF011,0.0285365404686793,0.1756564999307698,3652,Unsatisfactory
02FF014,-0.0272912516772294,0.1392155618606001,3652,Negative
02FF009,0.1634568907812748,0.3767792698273058,3652,Unsatisfactory
02FF016,0.2148726488594948,0.2531944310605617,1097,Unsatisfactory
02FF013,0.0645822890935299,0.2842560527577584,3652,Unsatisfactory
02FF008,0.1000678831632729,0.2095643051349713,3549,Unsatisfactory
02FF004,-0.0771732959515547,0.0255984227932304,2576,Negative
02FF002,0.2034912836964775,0.4151250181912582,3652,Unsatisfactory
02HK005,0.532678046945285,0.4149650122118803,3652,Good
02HF002,0.1818040665870954,0.4542862018159005,3652,Unsatisfactory
02HF003,0.5534504164301788,0.7414696086087549,3652,Good
02HL004,0.6965704115051623,0.8208321494789428,3652,Good
02HL003,0.646826706803941,0.630408172761931,3652,Good
02HM002,-0.0137877408536868,0.4564498351084156,3652,Negative
02HK006,0.7443486883793753,0.7598186309797047,3652,Good
02HL008,0.4550928373501915,0.3675693255765986,3573,Good
02HM010,0.696175766810814,0.7261654916606867,3632,Good
02HL007,0.7607384579671056,0.8129710204705225,3652,Excellent
02HL005,0.6868202888032706,0.8310641810037253,3652,Good
02HM011,-0.2928418078491901,-0.2887563225141865,3652,Negative
02HK003,0.7672608351768737,0.68593092508804,3652,Excellent
02HM007,0.4685971734412538,0.6886524930333799,3652,Good
02HK008,0.264915291562209,0.598165121612551,3652,Unsatisfactory
02HK017,0.257207277200717,0.4427803561695959,3652,Unsatisfactory
02HM009,-6.97512113411046,-1.2383436837804085,3652,Negative
02HM006,0.3716901601526808,0.3536408317168897,3652,Good
02HM004,0.3673735021821246,0.514480104923428,3652,Good
02HK016,-0.0897664844675105,0.3004050359652278,3652,Negative
02HL001,0.7693059028246096,0.8394759088992345,3652,Excellent
02HJ006,0.0959228345478677,0.131704608855887,3652,Unsatisfactory
02HJ001,0.1251135480360372,0.1545172509108283,3652,Unsatisfactory
02HJ003,0.3182635099368639,0.337393558733261,3652,Unsatisfactory
02HK009,-1.4409619405163414,-0.0378172462639703,3652,Negative
02HK015,-0.1493511884943299,0.3587237602560351,3652,Negative
02HK007,-0.2521732102454863,0.4340707446705376,3652,Negative
02HK011,-0.0575584388617123,0.3961188074194519,3652,Negative
02HJ007,-0.477149910416206,0.3549804312572865,3652,Negative
02HJ005,-0.1476579627089191,0.3006584970507828,2500,Negative
02HG003,-0.3635283047910138,-0.2145994642045943,3652,Negative
02HH003,-3.060753908805069,-0.34900636393112,3583,Negative
02HE002,0.2784788017609785,0.2585110225038635,3384,Unsatisfactory
02HG002,-0.3654629995569454,-0.0887795428159288,3487,Negative
02HD020,-0.6798420320284138,0.3149251541041016,3652,Negative
02HE004,0.113613898559332,0.0043510466866201,3286,Unsatisfactory
02HD004,-1.855873979434926,0.0082548459710506,3652,Negative
02HD003,-1.4893853193694686,0.0544157850221901,3652,Negative
02HD010,0.0529457195047067,0.5569491226321774,3652,Unsatisfactory
02HD012,0.10373121727418,0.5683953966439613,3652,Unsatisfactory
02HD024,-0.0202957884133165,0.3970775929227824,1469,Negative
02HD022,0.266385762751399,0.396856380131534,3652,Unsatisfactory
02HD021,-1.4088295671655309,0.2686796931434283,3652,Negative
02HD023,-0.2555090371381077,-0.1847308365036717,3652,Negative
02HD006,0.1330237713371987,0.3507555049035852,3652,Unsatisfactory
02HD009,0.1883217870178624,0.4003439278603697,3652,Unsatisfactory
02HC038,0.2017892245832155,0.3420825458489888,3652,Unsatisfactory
02HD008,0.1241993615734884,0.3357464967873983,3652,Unsatisfactory
02HC032,0.4348079824311539,0.3969470479567619,3652,Good
02HC018,0.2197164959062381,0.3154571108338307,2920,Unsatisfactory
02HC019,0.0741819975739228,0.2714738917472982,3651,Unsatisfactory
02HC028,0.2205990668572174,0.210031807083031,3652,Unsatisfactory
02HC023,0.3285111655396878,0.5089991929564786,3652,Unsatisfactory
02HB013,-0.1189421121013454,0.4398281793843304,3652,Negative
02HC022,0.1064631633336811,0.1954384967417192,3652,Unsatisfactory
02HB001,-0.4460548490113281,0.3065345073937785,3652,Negative
02HC025,0.4213972594207625,0.6929482787898404,3652,Good
02HC013,-0.1657752681845841,-0.0399888024494419,3652,Negative
02HC009,0.4207022252247148,0.4190586627138309,3652,Good
02HB031,-9.456809923332289,-1.241386363344979,3652,Negative
02HC031,0.2227115382057238,0.1653049278903271,3652,Unsatisfactory
02HB020,-1.795042927527033,-0.1133462807496761,3652,Negative
02HC005,-0.0470709058051024,0.2337551906620416,3651,Negative
02HB018,-0.0919819617781041,0.4342991422268529,3652,Negative
02HC003,0.3537020957178665,0.3987614304755518,3652,Unsatisfactory
02HC024,-0.28377588331348,0.1697304084262554,3652,Negative
02HC027,-0.1803868599519205,-0.0164638951513524,3652,Negative
02HC017,0.0477519819895883,-0.0881340942346318,3652,Unsatisfactory
02HB025,0.2568319809062398,0.6185491107026267,3652,Unsatisfactory
02HC033,-0.007027031844768,-0.0139736973219293,3652,Negative
02HB008,0.1358606271001197,0.5915150568992806,3652,Unsatisfactory
02HB024,-1.9508681075327003,-0.090635879916491,544,Negative
02HB029,0.3393210379475245,0.6846291361547678,3652,Unsatisfactory
02HB005,0.4159698422926461,0.5231772441211617,3652,Good
02HB004,0.1841710160598205,0.1239929564580747,3652,Unsatisfactory
02HB011,0.4990774430065395,0.4758431032780692,3652,Good
02HB032,0.2441834731691657,0.4444595620254138,3652,Unsatisfactory
02HB033,0.414821305177352,0.4521445705990351,2491,Good
02HB022,0.5253719098885007,0.5082645251359172,3652,Good
02HB015,0.5675636113360394,0.5928050096729569,3606,Good
02HB028,0.2488988581055073,0.2280547335573605,1492,Unsatisfactory
02HB012,0.2904485619524566,0.2458503032831075,3651,Unsatisfactory
02HB023,0.4967777621228464,0.4343408243270868,3591,Good
02HB007,0.4857622375053407,0.4021199049649758,3652,Good
02HA030,-0.4916254174809336,-0.2360183999939111,3652,Negative
02HB021,-0.0256322346515105,0.3272888234909574,3652,Negative
02HA006,0.358652278990799,0.658069623637366,3560,Unsatisfactory
02HA031,0.0983306472278905,0.2451557550334588,3652,Unsatisfactory
02HA020,0.3303729934990504,0.6029935739362744,3518,Unsatisfactory
02HA032,0.1829875932976391,0.3531013329881941,1293,Unsatisfactory
02HA007,0.2845782424201551,0.575080976061257,3540,Unsatisfactory
02AD010,0.5878787153493032,0.7350411917864824,3652,Good
02BA005,0.3608321590622987,0.4116634656896515,3496,Good
02AC002,0.2199025526619071,0.3782337155692158,3652,Unsatisfactory
02AE001,0.4874401898745281,0.5134853757981035,3629,Good
02BA003,0.5045199074251079,0.7208386537880425,3652,Good
02BA006,0.5569592209845948,0.4929015418185254,3652,Good
02BB003,0.5465462212550608,0.7208083749907235,3652,Good
02BB004,-0.0778838989429191,0.4695179798562399,3652,Negative
02BC004,0.5975669668243917,0.7734614493439743,1041,Good
02AB021,0.1607899780217726,0.1636216095548394,3652,Unsatisfactory
02AB006,0.2386683756365397,0.5420263046786323,3652,Unsatisfactory
02AB014,0.2816118324874055,0.2572764293211544,3625,Unsatisfactory
02AB020,0.0151469558165733,0.1621337632839559,3637,Unsatisfactory
02AB024,-0.0775881560838152,0.0837679399788379,3565,Negative
02AB022,-0.2131350486188301,0.2624428278796814,1563,Negative
02AB008,-0.0277401274051312,0.1307596558286053,3638,Negative
02AB025,-24.4924812437301,-0.3396558915674894,2766,Negative
02AB023,0.067879263420075,0.0234200939144677,3572,Unsatisfactory
02AB017,0.223707105117354,0.267865958015608,3638,Unsatisfactory
02BC006,0.5414532223995241,0.7068427127132721,2662,Good
02BD007,-0.6096437623145212,0.3384523923278032,1811,Negative
02BD006,0.1098714732696338,0.0478079775349464,1004,Unsatisfactory
02BF001,0.6061412910822963,0.6139556847695153,3652,Good
02BF002,0.554857868869584,0.6685971870351408,3652,Good
02BF014,0.5535429442993487,0.6405618272277178,3652,Good
02BF004,-0.0296278800700497,0.3133763943979951,3652,Negative
04024000,0.5237260924637201,0.6570763574741647,3652,Good
04021520,0.535208978618027,0.5494269635923121,3652,Good
04024430,0.2585805478568019,0.5608247599974654,3652,Unsatisfactory
04025500,-0.0542544515142477,0.3631994801142776,3637,Negative
04027500,-0.2189926730656122,0.4036612762502469,3652,Negative
04027000,0.4806882923584162,0.6983196193718887,3652,Good
04031000,0.399266724088862,0.3484747827192412,3618,Good
04032000,-0.2065606281756817,0.3914796897002611,3635,Negative
04040000,0.5030347524464884,0.5256870331485219,3652,Good
04037500,-0.1199463988329432,-0.1031711415077949,3599,Negative
04033000,0.5976600336274797,0.7943453595489114,3619,Good
04036000,0.1369155391085815,0.0710921479413281,3652,Unsatisfactory
04043050,0.2481142528042721,0.3557686194463563,3652,Unsatisfactory
04041500,0.5569569372311451,0.7791874361189464,3652,Good
04040500,0.5223532809403277,0.7425725799618472,3620,Good
04043150,0.2989794309362529,0.6173486610882082,3652,Unsatisfactory
04043238,-7.681105127595377,-1.313910189675711,3607,Negative
04043275,0.303184712605152,0.6475521931444981,1385,Unsatisfactory
04043244,-0.2104945728156642,0.4706079943991688,3636,Negative
04044724,0.1365202521271215,0.5131867093488608,3411,Unsatisfactory
04045500,0.5280178012579012,0.7496558605937804,3636,Good
04085427,0.6664805791070696,0.7513289366209538,3652,Good
04086000,0.6548266946482881,0.7739072101011699,3652,Good
04085200,0.405313545223681,0.6876849561418674,3616,Good
04071765,0.5148245245344489,0.7439817550485714,3652,Good
04071000,0.3541142337794423,0.6535611263656408,3652,Unsatisfactory
04069416,-0.0037062304974249,0.2130230812759115,3652,Negative
04069500,0.1662489372806754,0.2821005805813867,3652,Unsatisfactory
04067958,0.0849426539748445,0.2586073329728608,3652,Unsatisfactory
04062011,-0.3663562649344383,0.2826317074542885,3652,Negative
04060993,0.3723890780227841,0.6352758896215158,3617,Good
04060500,0.3002510021592958,0.6056046417110297,3632,Unsatisfactory
04062000,-1.6700811515941187,-0.3865485525004439,3315,Negative
04062500,0.2534558997601199,0.6198833937575499,3637,Unsatisfactory
04067500,0.648798219672871,0.7384744074647174,3652,Good
04066800,0.627779563977263,0.7617697747749802,3652,Good
04066003,0.6552492916126961,0.765312181242449,3652,Good
04065106,0.6012464767618353,0.7688618113784746,3652,Good
04064500,0.1274834262840385,0.2339177091778915,3652,Unsatisfactory
4063700,0.0367515838728805,0.0994020467094067,3638,Unsatisfactory
4066500,0.235212064181972,0.6400291230657534,3652,Unsatisfactory
4065722,0.6642358954831927,0.7882677302457912,3652,Good
4066030,0.6391083545479138,0.7646656758398298,3652,Good
4063500,0.1681781625193393,0.5510911253471295,1253,Unsatisfactory
4063000,0.4406126550529455,0.7264842330693337,3652,Good
4059500,0.5318874421568043,0.7086869224140862,3636,Good
4059000,0.467335434318774,0.6150551521894239,3652,Good
4058200,0.0759893297183221,0.1126871845407343,3613,Unsatisfactory
4058100,0.4823590868960545,0.7034164723076737,3652,Good
4057800,0.69860539918011,0.8384437132933666,3652,Good
4057510,0.5335332780044679,0.7675982496776275,3631,Good
4073500,0.5433287143948892,0.7381566082812723,3652,Good
4082400,0.3763112591471551,0.525438356152785,3612,Good
4079000,0.7273324152540162,0.8350307211416552,3630,Good
4074950,0.5756602758090158,0.7840203335186218,3652,Good
4077630,0.1513882171757864,0.60969041986708,3600,Unsatisfactory
4078500,0.6118683963300124,0.7047448486888799,3632,Good
4080000,0.6456845682187959,0.7557088540596661,2486,Good
4081000,-1.6908540478174037,-0.3172513350442485,2694,Negative
4072150,-0.2191722078929769,0.3660395324009354,3652,Negative
4093000,0.4924386461398622,0.7135888860434696,3652,Good
4094000,0.3189087151852171,0.3263526251195892,3652,Unsatisfactory
4095300,0.0318373836542218,-0.0075477344719687,3652,Unsatisfactory
4096015,-0.1131233633126833,0.4491161811362526,3652,Negative
4087240,0.5145678964532101,0.5025695604402365,3652,Good
4087220,-0.7114013229611542,-0.246575257035005,3652,Negative
4087214,-1.20939176115834,-0.372964621532788,3652,Negative
4087257,0.1435428534497174,0.3152486831857042,3652,Unsatisfactory
4087204,-0.1834141683227252,0.3888908318596712,3629,Negative
4087000,0.5195589512658771,0.7504011895377667,3637,Good
4086600,0.6276282513078109,0.7888435499364483,3633,Good
4086500,0.4607166159411291,0.702419597966752,3652,Good
4087120,-0.7389936544782751,-0.1056540420937008,3652,Negative
4087030,0.3323409715583975,0.5239124657470797,3652,Unsatisfactory
4087159,-1.31958017523456,-0.0626953161606012,3652,Negative
4087070,-0.0892006266509997,0.1687914081534002,3652,Negative
4087050,0.0064267840354503,0.3545490631630363,3629,Unsatisfactory
4087088,-1.3165152079993248,0.1380776712312725,3652,Negative
4087119,-0.5823617216610122,0.0712501906321674,3643,Negative
40871488,-5.127577909934959,-1.008124307189982,3614,Negative
4101500,0.5852059288359173,0.6808310583521084,3652,Good
4101000,0.6411429597156981,0.6930691324968727,3652,Good
4099750,0.7079406332372205,0.8056074766095588,3652,Good
4099510,0.3519560422658713,0.4741487972453408,3652,Unsatisfactory
4099000,0.7077105783705546,0.8131902856878919,3652,Good
4097540,0.2081515011721979,0.4890592865365091,3652,Unsatisfactory
4097500,0.6633819742482571,0.7882190267375615,3652,Good
4096515,0.6835407714120767,0.6899078989236122,3652,Good
4096405,0.5056771017898476,0.7003376369503775,3652,Good
4101800,-0.4087196416745717,0.3843290565573759,3652,Negative
4100500,0.5928232976947768,0.7576364195225997,3652,Good
4101370,-6.183082384612398,-0.8849005299297246,3652,Negative
4100222,0.6580379675545751,0.7849622004214629,3652,Good
4102500,0.3679850955350524,0.5975048265371903,3652,Good
4102700,0.5200395118349794,0.5963763246300131,3652,Good
4108800,0.1970904246465112,0.4667172198644732,3652,Unsatisfactory
4105500,0.4814668403290587,0.6397705455806583,3652,Good
4103500,-1.2473468749868708,-0.0980972986593078,3652,Negative
4105000,0.6519905001513713,0.7112301781333832,3652,Good
4104945,0.584505475835203,0.7832901315742059,3652,Good
4108600,0.4778594959443777,0.5987203553045413,3652,Good
4106400,-30.94608806188697,-3.784770498162368,3652,Negative
4105700,-0.0006215477543487,0.5468988607481978,3652,Negative
4106000,0.3854536698543183,0.5413040830425273,3652,Good
4114000,0.5987932562021325,0.7716480327803941,3652,Good
4113000,0.6235516593583593,0.7951354448700559,3652,Good
4111000,0.5562443775259127,0.7715140611205198,3559,Good
4109000,0.5198032750381414,0.7468568369076672,3652,Good
4112500,0.6551490669935751,0.7457998170716624,3652,Good
4111379,0.5352093861546248,0.7431857111341754,3652,Good
4114498,0.6671852223250159,0.8181338986179487,3652,Good
4112000,0.1532918066499854,0.5186935388326392,3652,Unsatisfactory
4115000,0.6886780332230815,0.7487563063928071,3652,Good
4115265,0.0903537333066235,0.5857167575008839,3652,Unsatisfactory
4119000,0.7614464407661354,0.8813405444511062,3652,Excellent
4116000,0.7199133282837602,0.827398904744692,3652,Good
4118500,0.5907264861296484,0.7900341587465964,3652,Good
4117500,0.7317245144158127,0.8599773664552869,3652,Good
4117000,-1.4016736829973526,0.1147284102317935,941,Negative
4122500,0.411720397560479,0.7124502879676393,3652,Good
4122200,0.6168725036819209,0.8067504301797092,3636,Good
4121970,0.5394744343133391,0.7468369631514598,3652,Good
4121944,0.6978350884325559,0.8349928267809779,3652,Good
4121500,0.7933841857930195,0.8779807316711897,3652,Excellent
4121300,-0.0594442558812806,0.334514843588491,3636,Negative
4122100,0.4510816621493582,0.6251896221658073,3652,Good
4125550,-1.1804783690654372,0.5045220068082089,3652,Negative
4125460,-0.2557048090888172,0.2876565632040615,3652,Negative
4124500,0.5186272815789172,0.7591558032730398,3652,Good
4124200,-1.121120533717242,0.4462114521145695,3652,Negative
4124000,-0.8108881337805656,0.4792982917784477,3652,Negative
4126740,-3.564965099903989,-0.3930343346670526,3637,Negative
4126970,-0.5670749695369706,0.3934891589339608,3652,Negative
4127800,-4.300349180288212,0.2269710272113471,3592,Negative
4056500,0.6331410660225216,0.8057833296969632,3622,Good
4046000,0.4098121030351795,0.7121355944981872,3636,Good
4127997,-0.6879387127439882,0.355496692500023,3605,Negative
4128990,-0.4793063920982725,0.3865139115561028,3652,Negative
4133501,0.4055423373117881,0.7086524155988279,3637,Good
4137005,-0.3702978193635529,0.283360582580838,3652,Negative
4136900,-0.2986900209665613,0.3005812595568357,3652,Negative
4136500,-0.04333957112711,0.4492379125234431,3652,Negative
4136000,-0.1273166032827681,0.5093414918001917,3652,Negative
4135700,0.1000065532284791,0.5540460710528721,3652,Unsatisfactory
4137500,-0.3969795576631776,0.4362438793478806,3652,Negative
4142000,0.4801033910264681,0.5443599408530122,3652,Good
4156000,0.5065143180047831,0.576127389623317,3652,Good
4152500,-0.5097558724063591,0.3722457332858659,3652,Negative
4152238,0.4188435167176253,0.7019967429922205,3652,Good
4154000,0.5338900566099143,0.7590085346754095,3652,Good
4155500,0.4436188521221859,0.7227051888415227,3652,Good
4148500,0.5999366425040558,0.7433121103845357,3652,Good
4148140,0.4623929738051273,0.7079917021919042,3652,Good
4147500,0.4346451331008275,0.6455170234367109,3652,Good
4146063,0.3824104596681122,0.7058278780853227,3652,Good
4146000,-0.5438559387395387,-0.305521777577,3652,Negative
4151500,0.479675123150405,0.6008039393504137,3652,Good
4159492,-0.0676523300423479,0.479208335809234,3652,Negative
4159900,0.5241205873798229,0.6746362010937905,3652,Good
4160600,0.3571131726576931,0.666944178117268,3652,Unsatisfactory
4165500,0.0315961539708027,0.4071615723030255,3652,Unsatisfactory
4164500,0.5753010022682035,0.7763073929326948,3652,Good
4164000,-0.5396174524413093,0.245144467041014,3652,Negative
4161820,0.1968258926746338,0.6130783642075328,3652,Unsatisfactory
4161540,0.3566764316769558,0.6924525498578857,2829,Unsatisfactory
4164100,-1.6157185736216784,-0.1632946813456892,3652,Negative
4161000,0.3111944737437665,0.621820675943485,3652,Unsatisfactory
4163400,-5.578035645250658,-1.321196334253406,3652,Negative
4166500,-2.754017135016257,-0.8308444820260872,3652,Negative
4166100,-2.8547535815853693,-0.6047720134503058,2829,Negative
4167000,-2.747512975205625,-0.5962358290988954,3652,Negative
4168580,-17.622187530336983,-4.634497866422348,3652,Negative
4166000,-1.126810284809992,0.1801489951082003,2829,Negative
4166300,-11.720946688278447,-2.247938278056605,2829,Negative
4172000,-0.6879144796344807,0.2093397813816219,3652,Negative
4170000,-1.741846836689061,0.0266678435816969,2890,Negative
4173500,0.3996403595617244,0.6785034496058717,3652,Good
4174518,-0.7951124098876003,-0.1748806260675948,3652,Negative
4174500,0.2482975197136157,0.5135753468222012,3652,Unsatisfactory
4177000,0.3813408418557261,0.5384154642216878,3652,Good
4176000,0.5970726140201004,0.6872022327321041,3652,Good
4175600,0.5114533476196343,0.7317790484707065,3652,Good
4176500,0.5924439385579237,0.7114200203948016,3652,Good
4180500,0.5561182642832765,0.7796557851909162,3652,Good
4178000,0.6866274550047773,0.8068897228691342,3652,Good
4180000,0.5558121596496112,0.7083310977810316,3652,Good
4179520,0.1882182806901871,0.3606433023728294,3652,Unsatisfactory
4177720,-0.1987716250263458,-0.290336159809982,3652,Negative
4181500,0.6029849678789688,0.6751829246221542,3652,Good
4180988,0.4161361813428128,0.5905460269960725,3652,Good
4182000,0.5832929842406149,0.6516554995064184,3652,Good
4182950,0.5497430970229096,0.7015821240651847,3652,Good
4183500,0.2550359043425935,0.5556581733515031,3652,Unsatisfactory
4183000,0.5252566242600734,0.6756858958193206,3652,Good
4185000,0.6623687727995278,0.8161047780014081,3652,Good
4184500,0.5626591081567487,0.7422495639861404,3652,Good
4185440,-0.0636975199799187,2.282108282680717e-06,3614,Negative
4186500,-0.1806303956145909,-0.4563705747122437,3652,Negative
4189000,0.5584506538859749,0.7573377448818369,3652,Good
4188337,0.5219865052365679,0.7004440541891342,3652,Good
4188433,0.257219581697983,0.3497755090129126,3394,Unsatisfactory
4188400,0.6127842015180783,0.747404020833552,3652,Good
4188496,0.3083737762357335,0.2519787817457846,3652,Unsatisfactory
4193500,0.2628531438558891,0.4536966143346168,3652,Unsatisfactory
4192500,0.3439521206862461,0.5296385837418488,3652,Unsatisfactory
4195500,0.2970392124787259,0.2375879658154096,3652,Unsatisfactory
4195820,0.2509182072611549,0.2191030932415815,3652,Unsatisfactory
4196800,0.5336747379242605,0.7557390163870901,3652,Good
4196500,0.4267368400430568,0.7041360556446851,3652,Good
4196000,0.1824892218536404,0.5368228519113044,3652,Unsatisfactory
4197100,0.1498828239827018,0.3507572765088267,3652,Unsatisfactory
4197170,-0.0872663808940297,0.4946620164519236,3652,Negative
4198000,0.3096992789056361,0.5923660215455563,3652,Unsatisfactory
4199000,0.2436281759679289,0.5498608261739281,3652,Unsatisfactory
4199500,0.322851418316646,0.6684201160874761,3652,Unsatisfactory
4199155,-0.1237599875407564,0.5003706561258507,3638,Negative
4200500,0.4067682049324064,0.6428137427320617,3652,Good
4201500,0.3612322917790852,0.4471093937527551,3652,Good
4208000,0.481027215262368,0.7392086041768657,3652,Good
4206000,0.4722270503162403,0.7355873797454944,3652,Good
4202000,0.3548622629649735,0.6000842365217613,3652,Unsatisfactory
4207200,0.1156172914106975,0.5929224075172534,3652,Unsatisfactory
4208504,0.2804847110363597,0.6568162683357184,3652,Unsatisfactory
4209000,0.1122896375695287,0.5922451473037216,3652,Unsatisfactory
4212100,0.6311153416112276,0.6584469771304928,3652,Good
4213000,0.237942055862628,0.6433678569909068,3652,Unsatisfactory
4213075,-0.1897191853433006,0.3952769125562484,3652,Negative
4213500,0.0647481084872504,0.5699773491849767,3652,Unsatisfactory
4215500,-0.1012027806885678,0.5096226775120846,3636,Negative
4214500,-0.2871137244866653,0.3943548733514771,3652,Negative
4215000,0.320467100699992,0.6226196155178378,3652,Unsatisfactory
4218000,0.6406597850054201,0.774806383227153,3652,Good
4217000,0.4734389535485886,0.7365564171735897,3652,Good
4216418,-0.1624898196083763,0.4906558203834003,3652,Negative
4218518,0.1129070399448405,0.0981967265235767,3652,Unsatisfactory
422026250,-0.2572533588440764,-0.2159563133297799,3652,Negative
4223000,0.1021579509545684,0.3855115256192843,3652,Unsatisfactory
4221000,0.1234589829118921,0.5790789116003192,3652,Unsatisfactory
4224775,-0.1379729793753716,0.4955588704736788,3652,Negative
4231600,0.4466124396983524,0.6521102656195201,3652,Good
4231000,0.5766106231380563,0.7354718569002852,3652,Good
4230380,-0.3081327885520586,0.4030015375938671,3652,Negative
4227500,0.2811287233982422,0.6033167313350172,3652,Unsatisfactory
4229500,-0.051866928215817,0.5291825460547274,3619,Negative
4228500,0.3718617875986478,0.6261036577789738,3652,Good
4230500,0.3981775017135517,0.70595324930942,3652,Good
423205010,0.446561073736504,0.7035214258884839,3652,Good
4232034,-0.6268288311992873,0.3215918245581879,3652,Negative
4232050,-0.1072733539213306,0.3545994075006297,3652,Negative
4250200,0.2542109799398236,0.5645451099446135,3652,Unsatisfactory
4250750,0.395668624012096,0.5825061146232654,3652,Good
4235250,0.2270432331539709,0.3287044270038671,3611,Unsatisfactory
4232482,0.0089621718982262,-0.0751367990343867,3587,Unsatisfactory
4233300,-0.4465082587505995,0.3730435318082327,3652,Negative
4233286,-0.2478739873203519,0.4560355246597607,3652,Negative
4234000,0.2603840009116408,0.6211221268981628,3652,Unsatisfactory
423401815,0.0803582888191858,0.3835019346324086,3652,Unsatisfactory
4240300,0.2078653160657222,0.5384426299994787,2463,Unsatisfactory
4237962,-1.2614107407049082,0.1310542278591283,1733,Negative
4240120,-0.0947220571413771,0.1480602808714707,2830,Negative
4240010,0.1085494064016575,0.59021072225657,3652,Unsatisfactory
4239000,-0.294470271176156,0.4014631467055843,3652,Negative
4240100,-2.338575590465613,-0.1759148307000437,2830,Negative
4243500,-0.2059625328799601,0.4504780526830383,3652,Negative
4242500,0.050207526936559,0.553068660971278,3652,Unsatisfactory
4247000,0.3346839289268505,0.337881755529177,3652,Unsatisfactory
4256000,0.1648341148345148,0.5424782112947342,3652,Unsatisfactory
4258000,0.0632961326996416,0.3551874622706282,3652,Unsatisfactory
4260500,0.4505580704719304,0.7241051077060657,3652,Good
4252500,0.0440618025577947,0.5409509700804895,3652,Unsatisfactory
